2011.03.23,10:00,0.8,0.9,0.8,0.9,11
2011.03.24,10:00,0.9,0.9,0.8,0.9,13
2011.03.25,10:00,0.9,0.9,0.9,0.9,6
2011.03.26,10:00,0.9,0.9,0.8,0.9,13
2011.03.27,10:00,0.9,0.9,0.8,0.8,7
2011.03.28,10:00,0.8,0.9,0.8,0.8,17
2011.03.29,10:00,0.8,0.8,0.8,0.8,8
2011.03.30,10:00,0.8,0.8,0.8,0.8,7
2011.03.31,10:00,0.8,0.8,0.8,0.8,6
2011.04.01,10:00,0.8,0.8,0.8,0.8,6
2011.04.02,10:00,0.8,0.8,0.8,0.8,6
2011.04.03,10:00,0.8,0.8,0.8,0.8,3
2011.04.04,10:00,0.8,0.8,0.6,0.7,37
2011.04.05,10:00,0.7,0.8,0.6,0.7,32
2011.04.06,10:00,0.7,0.8,0.7,0.7,10
2011.04.07,10:00,0.7,0.8,0.7,0.8,12
2011.04.08,10:00,0.8,0.8,0.7,0.8,15
2011.04.09,10:00,0.8,0.8,0.7,0.7,9
2011.04.10,10:00,0.7,0.8,0.7,0.7,10
2011.04.11,10:00,0.7,0.8,0.7,0.8,16
2011.04.12,10:00,0.8,0.9,0.8,0.9,18
2011.04.13,10:00,0.9,1.0,0.9,0.9,23
2011.04.14,10:00,0.9,1.0,0.9,1.0,11
2011.04.15,10:00,1.0,1.1,0.9,1.0,36
2011.04.16,10:00,1.0,1.1,1.0,1.1,25
2011.04.17,10:00,1.1,1.1,1.0,1.1,17
2011.04.18,10:00,1.1,1.2,1.1,1.2,14
2011.04.19,10:00,1.2,1.2,1.1,1.2,9
2011.04.20,10:00,1.2,1.2,1.1,1.1,9
2011.04.21,10:00,1.1,1.2,1.1,1.2,8
2011.04.22,10:00,1.2,1.4,1.2,1.4,25
2011.04.23,10:00,1.4,2.0,1.3,1.7,98
2011.04.24,10:00,1.7,2.0,1.6,1.6,64
2011.04.25,10:00,1.6,1.7,1.5,1.6,30
2011.04.26,10:00,1.6,1.8,1.5,1.8,30
2011.04.27,10:00,1.8,2.0,1.7,1.9,36
2011.04.28,10:00,1.9,2.7,1.7,2.2,168
2011.04.29,10:00,2.2,3.0,2.2,2.9,82
2011.04.30,10:00,2.9,4.2,2.8,3.5,219
2011.05.01,10:00,3.5,3.9,2.5,3.0,228
2011.05.02,10:00,3.0,3.5,3.0,3.2,78
2011.05.03,10:00,3.2,3.5,3.1,3.4,56
2011.05.04,10:00,3.4,3.6,3.3,3.4,67
2011.05.05,10:00,3.4,3.5,3.3,3.3,17
2011.05.06,10:00,3.3,3.6,3.3,3.5,53
2011.05.07,10:00,3.5,3.7,3.4,3.6,36
2011.05.08,10:00,3.6,3.9,3.6,3.9,40
2011.05.09,10:00,3.9,3.9,3.7,3.8,36
2011.05.11,10:00,5.8,6.1,4.6,5.5,264
2011.05.12,10:00,5.5,6.5,5.2,6.3,175
2011.05.14,10:00,8.2,8.9,5.8,7.2,515
2011.05.15,10:00,7.2,7.8,6.2,7.0,296
2011.05.16,10:00,7.0,8.5,6.8,8.0,247
2011.05.17,10:00,8.0,8.4,7.0,7.2,199
2011.05.18,10:00,7.2,7.5,6.6,6.9,150
2011.05.19,10:00,6.9,7.3,6.6,6.8,140
2011.05.20,10:00,6.8,7.1,5.6,5.6,183
2011.05.21,10:00,5.6,6.5,5.6,6.1,136
2011.05.22,10:00,6.1,6.8,6.0,6.7,98
2011.05.23,10:00,6.7,7.5,6.7,7.2,107
2011.05.24,10:00,7.2,7.5,7.0,7.4,84
2011.05.25,10:00,7.4,9.3,7.2,8.4,325
2011.05.26,10:00,8.4,9.0,8.0,8.8,157
2011.05.27,10:00,8.8,8.8,8.5,8.5,37
2011.05.28,10:00,8.5,8.7,8.1,8.3,99
2011.05.29,10:00,8.3,8.5,8.1,8.4,66
2011.05.30,10:00,8.4,9.0,8.3,8.8,114
2011.05.31,10:00,8.8,9.5,8.1,8.7,275
2011.06.01,10:00,8.7,9.7,8.3,9.6,198
2011.06.02,10:00,9.6,10.9,9.5,10.6,176
2011.06.03,10:00,10.6,14.5,10.6,14.3,416
2011.06.04,10:00,14.3,18.9,14.0,18.9,511
2011.06.05,10:00,18.9,19.0,16.2,16.7,342
2011.06.06,10:00,16.7,19.2,16.5,18.6,372
2011.06.07,10:00,18.6,24.3,18.3,23.9,676
2011.06.08,10:00,23.9,31.9,22.2,29.6,1373
2011.06.09,10:00,29.6,31.5,26.2,28.9,1003
2011.06.10,10:00,28.9,29.4,20.0,24.0,1382
2011.06.11,10:00,24.0,24.0,13.0,14.7,1269
2011.06.12,10:00,14.7,25.0,10.3,18.6,2559
2011.06.13,10:00,18.6,24.5,16.0,19.8,1572
2011.06.14,10:00,19.8,20.5,18.0,19.3,445
2011.06.15,10:00,19.3,20.0,19.0,19.5,176
2011.06.16,10:00,19.5,19.9,17.0,17.0,330
2011.06.17,10:00,17.0,18.3,13.0,15.7,937
2011.06.18,10:00,15.7,17.0,15.1,16.9,260
2011.06.19,10:00,16.9,18.9,16.9,17.5,345
2011.06.26,10:00,17.5,17.5,14.0,16.5,595
2011.06.27,10:00,16.5,18.0,15.0,16.8,571
2011.06.28,10:00,16.8,17.5,16.5,17.0,185
2011.06.29,10:00,17.0,17.2,16.7,16.9,97
2011.06.30,10:00,16.9,17.0,15.7,16.1,180
2011.07.01,10:00,16.1,16.7,15.3,15.4,227
2011.07.02,10:00,15.4,15.8,15.3,15.4,107
2011.07.03,10:00,15.4,15.7,15.3,15.4,73
2011.07.04,10:00,15.4,15.5,13.1,13.9,313
2011.07.05,10:00,13.9,15.0,11.0,12.9,706
2011.07.06,10:00,12.9,16.5,12.7,14.8,580
2011.07.07,10:00,14.8,15.9,14.5,14.8,281
2011.07.08,10:00,14.8,15.6,13.9,14.3,302
2011.07.09,10:00,14.3,14.7,14.0,14.4,130
2011.07.10,10:00,14.4,15.7,14.4,14.9,215
2011.07.11,10:00,14.9,15.2,13.8,14.2,212
2011.07.12,10:00,14.2,14.6,13.9,14.0,129
2011.07.13,10:00,14.0,14.2,13.9,14.0,43
2011.07.14,10:00,14.0,14.1,13.7,14.0,71
2011.07.15,10:00,14.0,14.1,13.5,13.8,101
2011.07.16,10:00,13.8,13.8,13.5,13.7,54
2011.07.17,10:00,13.7,13.8,13.0,13.2,91
2011.07.18,10:00,13.2,13.9,12.5,13.5,251
2011.07.19,10:00,13.5,14.7,13.4,13.9,216
2011.07.20,10:00,13.9,14.0,13.4,13.7,105
2011.07.21,10:00,13.7,13.8,13.4,13.6,69
2011.07.22,10:00,13.6,13.8,13.5,13.7,64
2011.07.23,10:00,13.7,13.8,13.5,13.7,49
2011.07.24,10:00,13.7,14.1,13.6,14.0,71
2011.07.25,10:00,14.0,14.7,13.8,14.1,186
2011.07.26,10:00,14.1,14.1,13.8,13.9,40
2011.07.27,10:00,13.9,14.1,13.9,13.9,51
2011.07.28,10:00,13.9,13.9,13.3,13.5,82
2011.07.29,10:00,13.5,13.7,13.3,13.5,74
2011.07.30,10:00,13.5,13.6,13.5,13.5,34
2011.07.31,10:00,13.5,14.9,12.8,13.4,397
2011.08.01,10:00,13.4,13.6,12.9,13.1,115
2011.08.02,10:00,13.1,13.1,11.5,12.1,217
2011.08.03,10:00,12.1,12.2,8.7,9.3,414
2011.08.05,10:00,10.8,11.0,9.5,9.8,204
2011.08.06,10:00,9.8,10.0,5.7,6.6,518
2011.08.07,10:00,6.6,9.5,6.0,7.9,558
2011.08.08,10:00,7.9,8.2,7.1,7.8,211
2011.08.09,10:00,7.8,12.1,7.7,10.0,668
2011.08.10,10:00,10.0,10.4,9.5,10.0,180
2011.08.11,10:00,10.0,10.5,8.5,9.5,359
2011.08.12,10:00,9.5,9.8,8.9,9.5,179
2011.08.13,10:00,9.5,10.3,9.3,10.1,128
2011.08.14,10:00,10.1,11.2,9.6,10.8,258
2011.08.15,10:00,10.8,11.9,10.7,11.2,200
2011.08.16,10:00,11.2,11.3,10.8,11.0,84
2011.08.17,10:00,11.0,11.1,10.7,11.0,88
2011.08.18,10:00,11.0,11.1,10.8,10.8,37
2011.08.19,10:00,10.8,11.8,10.8,11.7,115
2011.08.20,10:00,11.7,11.7,11.4,11.5,39
2011.08.21,10:00,11.5,11.5,11.3,11.3,27
2011.08.22,10:00,11.3,11.5,10.5,10.9,158
2011.08.23,10:00,10.9,11.3,10.8,10.9,95
2011.08.24,10:00,10.9,11.1,10.8,10.9,42
2011.08.25,10:00,10.9,10.9,9.1,9.7,240
2011.08.26,10:00,9.7,9.9,7.6,8.2,303
2011.08.27,10:00,8.2,9.1,8.1,8.6,158
2011.08.28,10:00,8.6,9.5,8.5,9.1,159
2011.08.29,10:00,9.1,9.3,8.7,9.0,115
2011.08.30,10:00,9.0,9.0,8.6,8.8,73
2011.08.31,10:00,8.8,8.8,8.0,8.2,98
2011.09.01,10:00,8.2,8.4,8.1,8.2,52
2011.09.03,10:00,8.6,8.7,8.4,8.5,51
2011.09.04,10:00,8.5,8.5,7.9,8.2,99
2011.09.05,10:00,8.2,8.2,7.3,7.6,132
2011.09.06,10:00,7.6,7.7,6.1,6.9,234
2011.09.07,10:00,6.9,7.6,6.5,7.2,182
2011.09.08,10:00,7.2,7.2,6.5,6.5,73
2011.09.09,10:00,6.5,6.6,4.2,5.0,331
2011.09.10,10:00,5.0,5.5,4.6,4.8,147
2011.09.11,10:00,4.8,7.4,4.6,5.9,452
2011.09.12,10:00,5.9,6.6,5.4,6.1,213
2011.09.13,10:00,6.1,6.1,5.7,5.8,51
2011.09.14,10:00,5.8,5.9,5.3,5.6,89
2011.09.15,10:00,5.6,5.6,4.4,4.8,159
2011.09.16,10:00,4.8,5.0,4.6,4.8,75
2011.09.17,10:00,4.8,4.9,4.7,4.8,42
2011.09.18,10:00,4.8,5.6,4.7,5.2,134
2011.09.19,10:00,5.2,5.6,4.9,5.5,123
2011.09.20,10:00,5.5,6.8,5.5,6.1,206
2011.09.21,10:00,6.1,6.3,5.1,5.6,197
2011.09.22,10:00,5.6,5.8,5.3,5.4,91
2011.09.23,10:00,5.4,5.7,5.4,5.6,49
2011.09.24,10:00,5.6,5.6,5.3,5.5,57
2011.09.25,10:00,5.5,5.5,5.3,5.3,21
2011.09.26,10:00,5.3,5.4,4.7,4.9,91
2011.09.27,10:00,4.9,5.1,4.8,4.9,66
2011.09.28,10:00,4.9,5.0,4.6,4.8,54
2011.09.29,10:00,4.8,4.8,4.7,4.8,26
2011.09.30,10:00,4.8,5.4,4.7,5.1,87
2011.10.01,10:00,5.1,5.3,4.9,5.0,68
2011.10.02,10:00,5.0,5.1,4.9,5.0,39
2011.10.03,10:00,5.0,5.0,4.9,5.0,30
2011.10.04,10:00,5.0,5.0,4.9,5.0,17
2011.10.05,10:00,5.0,5.0,4.8,4.9,32
2011.10.06,10:00,4.9,4.9,4.5,4.7,67
2011.10.07,10:00,4.7,4.8,3.8,4.3,159
2011.10.08,10:00,4.3,4.3,3.8,4.0,77
2011.10.09,10:00,4.0,4.4,4.0,4.1,68
2011.10.10,10:00,4.1,4.2,4.0,4.1,39
2011.10.11,10:00,4.1,4.1,3.9,3.9,34
2011.10.12,10:00,3.9,4.5,3.9,4.2,89
2011.10.13,10:00,4.2,4.2,4.0,4.1,31
2011.10.14,10:00,4.1,4.1,4.0,4.0,27
2011.10.15,10:00,4.0,4.1,3.7,3.8,54
2011.10.16,10:00,3.8,3.9,3.4,3.6,73
2011.10.17,10:00,3.6,3.7,2.3,2.6,197
2011.10.18,10:00,2.6,2.9,2.3,2.4,105
2011.10.19,10:00,2.4,2.5,2.0,2.3,86
2011.10.20,10:00,2.3,2.4,2.2,2.4,27
2011.10.21,10:00,2.4,2.7,2.3,2.6,57
2011.10.22,10:00,2.6,3.3,2.6,3.2,92
2011.10.23,10:00,3.2,3.2,3.0,3.2,50
2011.10.24,10:00,3.2,3.2,2.5,2.6,81
2011.10.25,10:00,2.6,3.0,2.4,2.8,99
2011.10.26,10:00,2.8,2.9,2.7,2.8,41
2011.10.27,10:00,2.8,3.1,2.7,3.0,46
2011.10.28,10:00,3.0,3.3,2.9,3.2,56
2011.10.29,10:00,3.2,3.8,3.1,3.6,100
2011.10.30,10:00,3.6,3.7,3.2,3.3,60
2011.10.31,10:00,3.3,3.3,3.1,3.3,49
2011.11.01,10:00,3.3,3.4,3.1,3.2,47
2011.11.02,10:00,3.2,3.4,3.1,3.3,51
2011.11.03,10:00,3.3,3.3,3.1,3.2,27
2011.11.04,10:00,3.2,3.2,3.0,3.1,37
2011.11.05,10:00,3.1,3.2,2.9,3.0,47
2011.11.06,10:00,3.0,3.0,2.9,3.0,16
2011.11.07,10:00,3.0,3.0,3.0,3.0,12
2011.11.08,10:00,3.0,3.2,3.0,3.0,38
2011.11.09,10:00,3.0,3.1,2.9,3.0,36
2011.11.10,10:00,3.0,3.0,2.8,2.8,24
2011.11.11,10:00,2.8,3.1,2.8,3.1,35
2011.11.12,10:00,3.1,3.1,3.0,3.0,16
2011.11.13,10:00,3.0,3.1,3.0,3.0,18
2011.11.14,10:00,3.0,3.0,2.1,2.2,103
2011.11.15,10:00,2.2,2.5,2.1,2.3,66
2011.11.16,10:00,2.3,2.6,2.3,2.6,38
2011.11.17,10:00,2.6,2.6,2.0,2.3,90
2011.11.18,10:00,2.3,2.4,2.0,2.1,59
2011.11.19,10:00,2.1,2.3,2.0,2.2,38
2011.11.20,10:00,2.2,2.5,2.2,2.2,71
2011.11.21,10:00,2.2,2.3,2.2,2.3,20
2011.11.22,10:00,2.3,2.4,2.3,2.3,17
2011.11.23,10:00,2.3,2.4,2.3,2.3,23
2011.11.24,10:00,2.3,2.6,2.3,2.4,41
2011.11.25,10:00,2.4,2.5,2.4,2.5,25
2011.11.26,10:00,2.5,2.5,2.4,2.5,21
2011.11.27,10:00,2.5,2.5,2.4,2.5,14
2011.11.28,10:00,2.5,2.6,2.4,2.6,16
2011.11.29,10:00,2.6,3.0,2.5,2.8,69
2011.11.30,10:00,2.8,3.1,2.7,3.0,51
2011.12.01,10:00,3.0,3.1,2.9,3.1,34
2011.12.02,10:00,3.1,3.1,3.0,3.1,17
2011.12.03,10:00,3.1,3.1,2.8,2.8,44
2011.12.04,10:00,2.8,2.9,2.6,2.8,55
2011.12.05,10:00,2.8,2.9,2.8,2.9,26
2011.12.06,10:00,2.9,3.1,2.9,3.0,22
2011.12.07,10:00,3.0,3.1,2.9,3.0,27
2011.12.08,10:00,3.0,3.0,2.9,3.0,26
2011.12.09,10:00,3.0,3.0,2.9,3.0,22
2011.12.10,10:00,3.0,3.1,2.9,3.1,33
2011.12.11,10:00,3.1,3.4,3.0,3.3,59
2011.12.12,10:00,3.3,3.3,3.1,3.1,32
2011.12.13,10:00,3.1,3.3,3.1,3.3,12
2011.12.14,10:00,3.3,3.3,3.0,3.2,43
2011.12.15,10:00,3.2,3.2,3.1,3.2,16
2011.12.16,10:00,3.2,3.2,3.2,3.2,15
2011.12.17,10:00,3.2,3.2,3.2,3.2,15
2011.12.18,10:00,3.2,3.2,3.2,3.2,8
2011.12.19,10:00,3.2,3.7,3.2,3.5,70
2011.12.20,10:00,3.5,4.5,3.5,4.0,162
2011.12.21,10:00,4.0,4.0,3.8,3.9,41
2011.12.22,10:00,3.9,4.0,3.5,3.9,97
2011.12.23,10:00,3.9,4.0,3.8,4.0,21
2011.12.24,10:00,4.0,4.0,3.9,3.9,22
2011.12.25,10:00,3.9,4.4,3.8,4.2,94
2011.12.26,10:00,4.2,4.3,3.8,4.0,80
2011.12.27,10:00,4.0,4.1,4.0,4.1,24
2011.12.28,10:00,4.1,4.3,4.0,4.2,41
2011.12.29,10:00,4.2,4.3,4.1,4.2,41
2011.12.30,10:00,4.2,4.3,4.1,4.3,41
2011.12.31,10:00,4.3,5.0,4.2,4.7,114
2012.01.01,10:00,4.7,5.5,4.6,5.3,122
2012.01.02,10:00,5.3,5.5,4.8,5.2,130
2012.01.03,10:00,5.2,5.3,4.7,4.9,95
2012.01.04,10:00,4.9,5.7,4.8,5.6,122
2012.01.05,10:00,5.6,7.2,5.6,7.0,193
2012.01.06,10:00,7.0,7.2,6.1,6.7,192
2012.01.07,10:00,6.7,7.0,6.4,6.8,118
2012.01.08,10:00,6.8,7.2,6.7,7.1,65
2012.01.09,10:00,7.1,7.2,5.8,6.3,199
2012.01.10,10:00,6.3,6.9,6.0,6.4,176
2012.01.12,10:00,6.9,7.0,6.3,6.8,123
2012.01.13,10:00,6.8,6.8,6.4,6.4,42
2012.01.14,10:00,6.4,7.0,6.2,6.8,113
2012.01.15,10:00,6.8,7.1,6.7,7.0,44
2012.01.16,10:00,7.0,7.2,6.5,6.7,105
2012.01.17,10:00,6.7,7.0,4.6,5.6,355
2012.01.18,10:00,5.6,7.0,5.1,5.9,339
2012.01.19,10:00,5.9,6.4,5.9,6.4,55
2012.01.20,10:00,6.4,6.6,6.3,6.5,52
2012.01.21,10:00,6.5,6.6,6.1,6.2,60
2012.01.22,10:00,6.2,6.5,6.1,6.3,58
2012.01.23,10:00,6.3,6.4,6.2,6.4,32
2012.01.24,10:00,6.4,6.4,6.2,6.3,28
2012.01.25,10:00,6.3,6.3,5.5,5.8,111
2012.01.26,10:00,5.8,5.9,5.3,5.3,84
2012.01.27,10:00,5.3,5.5,5.1,5.3,88
2012.01.28,10:00,5.3,5.8,5.3,5.6,67
2012.01.29,10:00,5.6,5.7,5.3,5.4,50
2012.01.30,10:00,5.4,5.6,5.4,5.5,36
2012.01.31,10:00,5.5,5.7,5.4,5.5,44
2012.02.01,10:00,5.5,6.2,5.5,6.1,87
2012.02.02,10:00,6.1,6.2,5.8,6.1,75
2012.02.03,10:00,6.1,6.1,5.7,6.0,71
2012.02.04,10:00,6.0,6.0,5.8,5.9,22
2012.02.05,10:00,5.9,5.9,5.5,5.7,69
2012.02.06,10:00,5.7,5.7,5.5,5.5,31
2012.02.07,10:00,5.5,5.8,5.5,5.7,43
2012.02.08,10:00,5.7,5.9,5.3,5.6,102
2012.02.09,10:00,5.6,5.9,5.5,5.8,62
2012.02.10,10:00,5.8,6.0,5.8,5.9,31
2012.02.11,10:00,5.9,6.0,5.5,5.6,62
2012.02.12,10:00,5.6,5.9,5.4,5.5,76
2012.02.13,10:00,5.5,5.7,5.2,5.3,80
2012.02.14,10:00,5.3,5.5,4.2,4.5,169
2012.02.15,10:00,4.5,4.9,4.2,4.3,124
2012.02.16,10:00,4.3,4.4,3.9,4.3,107
2012.02.17,10:00,4.3,4.8,4.2,4.4,95
2012.02.18,10:00,4.4,4.5,4.1,4.2,58
2012.02.19,10:00,4.2,4.5,4.2,4.4,52
2012.02.20,10:00,4.4,4.5,4.3,4.4,34
2012.02.21,10:00,4.4,4.4,4.2,4.3,30
2012.02.22,10:00,4.3,4.5,4.3,4.4,40
2012.02.23,10:00,4.4,5.2,4.4,5.0,97
2012.02.24,10:00,5.0,5.1,4.8,5.0,54
2012.02.25,10:00,5.0,5.1,4.7,4.8,59
2012.02.26,10:00,4.8,5.1,4.8,4.9,52
2012.02.27,10:00,4.9,5.0,4.9,5.0,17
2012.02.28,10:00,5.0,5.0,4.7,4.9,44
2012.02.29,10:00,4.9,4.9,4.8,4.9,20
2012.03.01,10:00,4.9,5.0,4.9,4.9,21
2012.03.02,10:00,4.9,5.0,4.5,4.7,67
2012.03.03,10:00,4.7,4.8,4.5,4.6,46
2012.03.04,10:00,4.6,5.0,4.6,4.8,48
2012.03.05,10:00,4.8,5.1,4.8,5.0,31
2012.03.06,10:00,5.0,5.1,4.9,5.0,34
2012.03.07,10:00,5.0,5.1,4.8,4.9,38
2012.03.08,10:00,4.9,5.0,4.8,4.9,48
2012.03.09,10:00,4.9,5.0,4.8,4.9,20
2012.03.10,10:00,4.9,4.9,4.8,4.8,30
2012.03.11,10:00,4.8,5.0,4.8,4.9,29
2012.03.12,10:00,4.9,5.0,4.9,4.9,17
2012.03.13,10:00,4.9,5.4,4.9,5.3,71
2012.03.14,10:00,5.3,5.5,5.3,5.4,30
2012.03.15,10:00,5.4,5.5,5.3,5.3,34
2012.03.16,10:00,5.3,5.4,5.3,5.3,20
2012.03.17,10:00,5.3,5.4,5.2,5.2,27
2012.03.18,10:00,5.2,5.3,5.2,5.3,21
2012.03.19,10:00,5.3,5.3,4.5,4.7,104
2012.03.20,10:00,4.7,4.9,4.6,4.8,48
2012.03.21,10:00,4.8,4.9,4.8,4.8,22
2012.03.22,10:00,4.8,4.9,4.6,4.7,46
2012.03.23,10:00,4.7,4.8,4.6,4.7,38
2012.03.24,10:00,4.7,4.7,4.6,4.7,26
2012.03.25,10:00,4.7,4.7,4.3,4.6,64
2012.03.26,10:00,4.6,4.7,4.5,4.6,38
2012.03.27,10:00,4.6,4.9,4.5,4.8,54
2012.03.28,10:00,4.8,4.8,4.7,4.8,23
2012.03.29,10:00,4.8,4.9,4.7,4.8,29
2012.03.30,10:00,4.8,4.9,4.7,4.9,28
2012.03.31,10:00,4.9,5.0,4.8,4.9,22
2012.04.01,10:00,4.9,4.9,4.7,4.8,31
2012.04.02,10:00,4.8,5.1,4.8,5.0,51
2012.04.03,10:00,5.0,5.0,4.8,5.0,35
2012.04.04,10:00,5.0,5.0,4.9,4.9,13
2012.04.05,10:00,4.9,4.9,4.9,4.9,12
2012.04.06,10:00,4.9,5.0,4.9,5.0,18
2012.04.07,10:00,5.0,5.0,4.7,4.7,27
2012.04.08,10:00,4.7,4.8,4.6,4.8,27
2012.04.09,10:00,4.8,4.9,4.7,4.9,23
2012.04.10,10:00,4.9,4.9,4.8,4.8,26
2012.04.11,10:00,4.8,5.0,4.8,4.9,30
2012.04.12,10:00,4.9,5.0,4.8,4.9,22
2012.04.13,10:00,4.9,4.9,4.7,4.9,41
2012.04.14,10:00,4.9,5.0,4.9,5.0,25
2012.04.15,10:00,5.0,5.0,4.9,5.0,24
2012.04.16,10:00,5.0,5.0,4.9,4.9,11
2012.04.17,10:00,4.9,5.0,4.9,5.0,14
2012.04.18,10:00,5.0,5.2,5.0,5.1,31
2012.04.19,10:00,5.1,5.2,5.1,5.1,17
2012.04.20,10:00,5.1,5.5,5.1,5.4,56
2012.04.21,10:00,5.4,5.5,5.1,5.3,66
2012.04.22,10:00,5.3,5.3,5.1,5.2,39
2012.04.23,10:00,5.2,5.2,5.0,5.0,29
2012.04.24,10:00,5.0,5.2,5.0,5.1,37
2012.04.25,10:00,5.1,5.2,5.0,5.1,26
2012.04.26,10:00,5.1,5.2,5.0,5.1,34
2012.04.27,10:00,5.1,5.1,5.0,5.1,18
2012.04.28,10:00,5.1,5.1,4.9,5.0,40
2012.04.29,10:00,5.0,5.0,4.9,4.9,21
2012.04.30,10:00,4.9,5.0,4.9,5.0,22
2012.05.01,10:00,5.0,5.0,4.9,5.0,12
2012.05.02,10:00,5.0,5.2,5.0,5.1,36
2012.05.03,10:00,5.1,5.2,5.0,5.1,27
2012.05.04,10:00,5.1,5.2,5.1,5.1,11
2012.05.05,10:00,5.1,5.1,5.0,5.1,18
2012.05.06,10:00,5.1,5.1,5.0,5.1,16
2012.05.07,10:00,5.1,5.1,5.0,5.1,26
2012.05.08,10:00,5.1,5.1,5.0,5.1,28
2012.05.09,10:00,5.1,5.1,5.0,5.0,20
2012.05.10,10:00,5.0,5.1,4.8,4.9,48
2012.05.11,10:00,4.9,5.0,4.8,5.0,30
2012.05.12,10:00,5.0,5.0,4.9,5.0,16
2012.05.13,10:00,5.0,5.0,4.9,4.9,15
2012.05.14,10:00,4.9,5.0,4.9,5.0,21
2012.05.15,10:00,5.0,5.0,5.0,5.0,16
2012.05.16,10:00,5.0,5.1,5.0,5.1,22
2012.05.17,10:00,5.1,5.1,5.1,5.1,10
2012.05.18,10:00,5.1,5.1,5.1,5.1,13
2012.05.19,10:00,5.1,5.1,5.1,5.1,13
2012.05.20,10:00,5.1,5.2,5.1,5.1,12
2012.05.21,10:00,5.1,5.1,5.1,5.1,14
2012.05.22,10:00,5.1,5.1,5.1,5.1,15
2012.05.23,10:00,5.1,5.2,5.1,5.1,17
2012.05.24,10:00,5.1,5.2,5.1,5.1,15
2012.05.25,10:00,5.1,5.2,5.1,5.2,8
2012.05.26,10:00,5.2,5.2,5.1,5.1,6
2012.05.27,10:00,5.1,5.2,5.1,5.1,7
2012.05.28,10:00,5.1,5.2,5.1,5.1,11
2012.05.29,10:00,5.1,5.2,5.0,5.2,28
2012.05.30,10:00,5.2,5.2,5.1,5.1,14
2012.05.31,10:00,5.1,5.2,5.1,5.2,15
2012.06.01,10:00,5.2,5.3,5.2,5.3,12
2012.06.02,10:00,5.3,5.3,5.2,5.3,11
2012.06.03,10:00,5.3,5.3,5.2,5.2,5
2012.06.04,10:00,5.2,5.3,5.2,5.3,15
2012.06.05,10:00,5.3,5.5,5.2,5.4,40
2012.06.06,10:00,5.4,5.5,5.4,5.5,19
2012.06.07,10:00,5.5,5.6,5.4,5.6,24
2012.06.08,10:00,5.6,5.7,5.6,5.6,17
2012.06.09,10:00,5.6,5.7,5.5,5.6,42
2012.06.10,10:00,5.6,5.6,5.4,5.5,22
2012.06.11,10:00,5.5,5.6,5.4,5.6,25
2012.06.12,10:00,5.6,5.8,5.5,5.7,38
2012.06.13,10:00,5.7,6.0,5.7,5.9,38
2012.06.14,10:00,5.9,6.0,5.8,6.0,31
2012.06.15,10:00,6.0,6.6,5.9,6.5,88
2012.06.16,10:00,6.5,6.6,6.3,6.4,59
2012.06.17,10:00,6.4,6.5,6.1,6.2,63
2012.06.18,10:00,6.2,6.4,6.0,6.3,52
2012.06.19,10:00,6.3,6.5,6.3,6.5,32
2012.06.20,10:00,6.5,6.7,6.5,6.7,36
2012.06.21,10:00,6.7,6.8,6.6,6.7,48
2012.06.22,10:00,6.7,6.8,6.4,6.6,62
2012.06.23,10:00,6.6,6.7,6.4,6.4,39
2012.06.24,10:00,6.4,6.5,6.4,6.4,17
2012.06.25,10:00,6.4,6.5,6.2,6.3,42
2012.06.26,10:00,6.3,6.5,6.3,6.4,25
2012.06.27,10:00,6.4,6.7,6.4,6.7,28
2012.06.28,10:00,6.7,6.7,6.5,6.6,33
2012.06.29,10:00,6.6,6.7,6.5,6.7,25
2012.06.30,10:00,6.7,6.7,6.6,6.7,15
2012.07.01,10:00,6.7,6.7,6.5,6.6,25
2012.07.02,10:00,6.6,6.8,6.6,6.8,26
2012.07.03,10:00,6.8,6.8,6.4,6.5,42
2012.07.04,10:00,6.5,6.6,6.5,6.5,15
2012.07.05,10:00,6.5,6.8,6.5,6.7,43
2012.07.06,10:00,6.7,6.7,6.6,6.7,33
2012.07.07,10:00,6.7,6.9,6.6,6.8,38
2012.07.08,10:00,6.8,6.9,6.7,6.8,25
2012.07.09,10:00,6.8,7.1,6.7,7.0,51
2012.07.10,10:00,7.0,7.3,7.0,7.2,41
2012.07.11,10:00,7.2,7.3,7.0,7.2,44
2012.07.12,10:00,7.2,7.9,7.1,7.8,100
2012.07.13,10:00,7.8,7.8,7.4,7.7,72
2012.07.14,10:00,7.7,7.7,7.5,7.5,18
2012.07.15,10:00,7.5,7.7,7.5,7.6,43
2012.07.16,10:00,7.6,8.7,7.6,8.5,119
2012.07.17,10:00,8.5,9.5,7.3,8.8,405
2012.07.18,10:00,8.8,9.4,8.5,9.1,150
2012.07.19,10:00,9.1,9.2,8.8,8.9,59
2012.07.20,10:00,8.9,8.9,7.6,8.5,220
2012.07.21,10:00,8.5,9.7,8.0,8.9,316
2012.07.22,10:00,8.9,9.0,8.3,8.4,97
2012.07.23,10:00,8.4,9.2,7.8,8.5,287
2012.07.24,10:00,8.5,8.9,8.3,8.6,88
2012.07.25,10:00,8.6,8.9,8.4,8.8,87
2012.07.26,10:00,8.8,8.9,8.6,8.9,51
2012.07.27,10:00,8.9,9.0,8.8,8.9,29
2012.07.28,10:00,8.9,8.9,8.7,8.9,44
2012.07.29,10:00,8.9,8.9,8.7,8.7,21
2012.07.30,10:00,8.7,9.2,8.7,9.1,52
2012.07.31,10:00,9.1,9.4,9.1,9.4,48
2012.08.01,10:00,9.4,9.7,9.1,9.6,89
2012.08.02,10:00,9.6,11.0,9.4,10.5,221
2012.08.03,10:00,10.5,11.1,10.3,11.0,121
2012.08.04,10:00,11.0,11.3,10.5,11.0,154
2012.08.05,10:00,11.0,11.3,10.1,10.9,226
2012.08.06,10:00,10.9,11.2,10.6,10.9,110
2012.08.07,10:00,10.9,11.1,10.7,11.1,67
2012.08.08,10:00,11.1,11.2,10.9,11.1,57
2012.08.09,10:00,11.1,12.0,10.8,11.1,241
2012.08.10,10:00,11.1,11.6,11.0,11.4,86
2012.08.11,10:00,11.4,11.6,11.4,11.5,31
2012.08.12,10:00,11.5,11.8,11.5,11.6,54
2012.08.13,10:00,11.6,12.1,11.5,12.0,71
2012.08.14,10:00,12.0,12.3,11.9,12.2,76
2012.08.15,10:00,12.2,13.3,12.2,13.3,113
2012.08.16,10:00,13.3,13.8,12.5,13.5,244
2012.08.17,10:00,13.5,15.4,10.6,11.6,769
2012.08.18,10:00,11.6,12.9,11.0,11.6,374
2012.08.19,10:00,11.6,11.6,7.6,8.0,448
2012.08.20,10:00,8.0,10.5,7.8,10.1,329
2012.08.21,10:00,10.1,10.3,9.7,9.9,103
2012.08.22,10:00,9.9,10.1,9.6,9.8,96
2012.08.23,10:00,9.8,10.3,9.7,10.1,80
2012.08.24,10:00,10.1,10.6,9.9,10.6,105
2012.08.25,10:00,10.6,10.6,10.2,10.5,79
2012.08.26,10:00,10.5,10.6,10.5,10.6,26
2012.08.27,10:00,10.6,12.2,10.5,11.0,289
2012.08.28,10:00,11.0,11.2,10.5,10.9,142
2012.08.29,10:00,10.9,11.1,10.6,10.9,115
2012.08.30,10:00,10.9,10.9,10.6,10.8,53
2012.08.31,10:00,10.8,10.8,9.7,10.2,173
2012.09.01,10:00,10.2,10.3,9.8,10.0,86
2012.09.02,10:00,10.0,10.4,9.7,10.2,106
2012.09.03,10:00,10.2,10.6,10.1,10.5,68
2012.09.04,10:00,10.5,10.5,10.2,10.4,62
2012.09.05,10:00,10.4,11.2,10.3,11.0,121
2012.09.06,10:00,11.0,11.3,10.6,11.2,113
2012.09.07,10:00,11.2,11.2,11.0,11.0,35
2012.09.08,10:00,11.0,11.1,10.8,11.0,71
2012.09.09,10:00,11.0,11.1,10.9,11.0,43
2012.09.10,10:00,11.0,11.2,10.9,11.2,50
2012.09.11,10:00,11.2,11.4,10.9,11.3,79
2012.09.12,10:00,11.3,11.4,10.8,11.4,120
2012.09.13,10:00,11.4,11.4,11.2,11.4,33
2012.09.14,10:00,11.4,11.8,11.3,11.7,70
2012.09.15,10:00,11.7,11.8,11.6,11.8,31
2012.09.16,10:00,11.8,12.0,11.7,11.9,43
2012.09.17,10:00,11.9,12.0,11.8,11.9,37
2012.09.18,10:00,11.9,12.4,11.8,12.3,67
2012.09.19,10:00,12.3,12.7,12.2,12.6,77
2012.09.20,10:00,12.6,12.7,12.3,12.3,54
2012.09.21,10:00,12.3,12.5,12.0,12.4,90
2012.09.22,10:00,12.4,12.4,12.1,12.2,40
2012.09.23,10:00,12.2,12.3,11.6,12.2,124
2012.09.24,00:00,12.2,12.3,12.0,12.1,27289
2012.09.25,00:00,12.1,12.2,12.0,12.2,21225
2012.09.26,00:00,12.2,12.5,12.0,12.3,23492
2012.09.27,00:00,12.3,12.4,12.2,12.3,19324
2012.09.28,00:00,12.3,12.5,12.1,12.4,26673
2012.09.29,00:00,12.4,12.5,12.2,12.4,17060
2012.09.30,00:00,12.4,12.5,12.3,12.4,7791
2012.10.01,00:00,12.4,12.5,12.3,12.4,24823
2012.10.02,00:00,12.4,12.9,12.3,12.8,50830
2012.10.03,00:00,12.8,13.0,12.7,12.9,32953
2012.10.04,00:00,12.9,13.1,12.6,12.9,37943
2012.10.05,00:00,12.8,13.0,12.5,12.7,31256
2012.10.06,00:00,12.8,12.9,12.4,12.5,24670
2012.10.07,00:00,12.5,12.6,11.7,11.8,63509
2012.10.08,00:00,11.8,12.0,10.6,11.8,97936
2012.10.09,00:00,11.7,12.4,11.6,11.9,46766
2012.10.10,00:00,11.9,12.2,11.8,12.1,27719
2012.10.11,00:00,12.1,12.2,11.9,12.0,19828
2012.10.12,00:00,12.0,12.2,11.9,12.0,21537
2012.10.13,00:00,12.0,12.1,11.9,11.9,11859
2012.10.14,00:00,11.9,12.0,11.5,11.7,22889
2012.10.15,00:00,11.6,12.0,11.4,11.8,27099
2012.10.16,00:00,11.8,12.0,11.5,11.9,41183
2012.10.17,00:00,11.9,12.0,11.7,11.8,23550
2012.10.18,00:00,11.8,12.0,11.8,11.9,21878
2012.10.19,00:00,11.9,12.0,11.6,11.7,23176
2012.10.20,00:00,11.7,11.9,11.6,11.7,22107
2012.10.21,00:00,11.7,11.8,11.6,11.6,9373
2012.10.22,00:00,11.6,11.8,11.5,11.7,37619
2012.10.23,00:00,11.7,12.0,11.4,11.7,54341
2012.10.24,00:00,11.7,11.8,11.6,11.7,21761
2012.10.25,00:00,11.7,11.7,10.5,10.9,84701
2012.10.26,00:00,10.9,11.0,9.7,10.2,98991
2012.10.27,00:00,10.2,10.8,9.8,10.3,47865
2012.10.28,00:00,10.3,11.0,10.3,10.7,22387
2012.10.29,00:00,10.7,10.9,10.3,10.6,37572
2012.10.30,00:00,10.6,10.9,10.6,10.9,26021
2012.10.31,00:00,10.9,11.2,10.7,11.2,40670
2012.11.01,00:00,11.2,11.3,10.4,10.6,50360
2012.11.02,00:00,10.6,10.8,10.3,10.5,24483
2012.11.03,00:00,10.5,10.7,10.4,10.6,16730
2012.11.04,00:00,10.6,10.9,10.5,10.8,16747
2012.11.05,00:00,10.8,10.9,10.6,10.8,21774
2012.11.06,00:00,10.8,10.9,10.7,10.9,26993
2012.11.07,00:00,10.9,11.2,10.8,10.9,31731
2012.11.08,00:00,10.9,11.1,10.8,10.9,26056
2012.11.09,00:00,10.9,11.0,10.8,10.8,14724
2012.11.10,00:00,10.8,11.0,10.8,10.9,18668
2012.11.11,00:00,10.9,10.9,10.7,10.9,12622
2012.11.12,00:00,10.9,11.2,10.8,11.0,39214
2012.11.13,00:00,11.0,11.1,10.9,11.0,16755
2012.11.14,00:00,11.0,11.1,10.8,11.0,24540
2012.11.15,00:00,11.0,11.3,10.9,11.2,31897
2012.11.16,00:00,11.2,11.8,11.2,11.8,58250
2012.11.17,00:00,11.8,11.8,11.5,11.8,19103
2012.11.18,00:00,11.8,11.8,11.6,11.7,15511
2012.11.19,00:00,11.7,11.8,11.6,11.8,25194
2012.11.20,00:00,11.8,11.8,11.6,11.7,27217
2012.11.21,00:00,11.7,11.8,11.6,11.8,19224
2012.11.22,00:00,11.8,12.4,11.7,12.4,58299
2012.11.23,00:00,12.4,12.4,12.1,12.4,18966
2012.11.24,00:00,12.4,12.5,12.3,12.4,19567
2012.11.25,00:00,12.4,12.6,12.3,12.5,24022
2012.11.26,00:00,12.5,12.7,11.9,12.3,35911
2012.11.27,00:00,12.3,12.3,11.9,12.2,33191
2012.11.28,00:00,12.2,12.4,12.1,12.4,30684
2012.11.29,00:00,12.4,12.6,12.2,12.5,26502
2012.11.30,00:00,12.5,12.7,12.4,12.6,24347
2012.12.01,00:00,12.6,12.7,12.5,12.6,14733
2012.12.02,00:00,12.6,12.7,12.4,12.5,14112
2012.12.03,00:00,12.5,12.7,12.5,12.7,47146
2012.12.04,00:00,12.7,13.5,12.6,13.4,63243
2012.12.05,00:00,13.4,13.4,13.2,13.4,29791
2012.12.06,00:00,13.3,13.7,12.9,13.3,46561
2012.12.07,00:00,13.3,13.6,13.0,13.5,32796
2012.12.08,00:00,13.5,13.6,13.4,13.4,13169
2012.12.09,00:00,13.4,13.5,13.0,13.4,28164
2012.12.10,00:00,13.4,13.6,13.3,13.4,24663
2012.12.11,00:00,13.5,13.7,13.3,13.6,28043
2012.12.12,00:00,13.6,13.8,13.3,13.7,37676
2012.12.13,00:00,13.7,13.8,13.5,13.7,24194
2012.12.14,00:00,13.7,13.9,13.0,13.6,70141
2012.12.15,00:00,13.6,13.6,13.4,13.5,16622
2012.12.16,00:00,13.5,13.7,13.1,13.3,42761
2012.12.17,00:00,13.3,13.5,12.8,13.3,63629
2012.12.18,00:00,13.3,13.4,13.1,13.3,23218
2012.12.19,00:00,13.3,13.6,13.2,13.6,38805
2012.12.20,00:00,13.6,13.7,13.3,13.5,32977
2012.12.21,00:00,13.5,13.6,13.4,13.5,25328
2012.12.22,00:00,13.5,13.6,13.3,13.4,14781
2012.12.23,00:00,13.4,13.5,13.0,13.3,31643
2012.12.24,00:00,13.3,13.5,13.2,13.4,16702
2012.12.25,00:00,13.4,13.4,13.1,13.4,19958
2012.12.26,00:00,13.4,13.5,13.2,13.5,15839
2012.12.27,00:00,13.5,13.5,13.3,13.4,19819
2012.12.28,00:00,13.4,13.7,13.3,13.4,23810
2012.12.29,00:00,13.4,13.7,13.3,13.4,32780
2012.12.30,00:00,13.4,13.6,13.4,13.5,15764
2012.12.31,00:00,13.5,13.6,13.4,13.5,16047
2013.01.01,00:00,13.5,13.6,13.2,13.3,30882
2013.01.02,00:00,13.4,13.4,13.2,13.3,17966
2013.01.03,00:00,13.3,13.5,13.3,13.4,18606
2013.01.04,00:00,13.4,13.5,13.3,13.5,29639
2013.01.05,00:00,13.5,13.6,13.3,13.4,25072
2013.01.06,00:00,13.4,13.5,13.4,13.5,24638
2013.01.07,00:00,13.5,13.6,13.4,13.6,34940
2013.01.08,00:00,13.6,13.9,13.5,13.7,42795
2013.01.09,00:00,13.7,13.9,13.6,13.8,28603
2013.01.10,00:00,13.8,14.3,13.8,14.1,51808
2013.01.11,00:00,14.1,14.4,13.9,14.1,40430
2013.01.12,00:00,14.3,14.3,14.0,14.2,26930
2013.01.13,00:00,14.2,14.3,14.0,14.1,44331
2013.01.14,00:00,14.2,14.4,14.1,14.3,22094
2013.01.15,00:00,14.4,14.5,14.0,14.3,51570
2013.01.16,00:00,14.3,14.7,14.2,14.7,45534
2013.01.17,00:00,14.7,15.7,14.6,15.5,65486
2013.01.18,00:00,15.5,16.0,15.4,15.7,56094
2013.01.19,00:00,15.7,15.8,15.3,15.6,34584
2013.01.20,00:00,15.6,15.9,15.5,15.7,25979
2013.01.21,00:00,15.7,17.0,15.6,16.8,61499
2013.01.22,00:00,16.8,17.6,16.7,17.3,60973
2013.01.23,00:00,17.3,17.6,16.8,17.5,49436
2013.01.24,00:00,17.5,19.2,15.6,16.9,172016
2013.01.25,00:00,16.9,17.8,15.4,17.4,98773
2013.01.26,00:00,17.5,17.9,16.5,17.9,63903
2013.01.27,00:00,17.9,18.0,17.2,17.8,129857
2013.01.28,00:00,17.8,18.9,17.8,18.7,73703
2013.01.29,00:00,18.7,19.8,18.7,19.5,107617
2013.01.30,00:00,19.5,19.8,19.2,19.7,105246
2013.01.31,00:00,19.7,21.4,19.5,20.4,104198
2013.02.01,00:00,20.5,21.1,20.3,20.5,58381
2013.02.02,00:00,20.5,20.5,18.0,19.6,126515
2013.02.03,00:00,19.7,20.9,19.4,20.6,98860
2013.02.04,00:00,20.6,21.1,19.9,20.4,90466
2013.02.05,00:00,20.4,20.8,20.2,20.6,134267
2013.02.06,00:00,20.7,21.3,20.6,21.2,153011
2013.02.07,00:00,21.1,22.2,20.8,22.2,202127
2013.02.08,00:00,22.2,22.8,22.0,22.7,50649
2013.02.09,00:00,22.7,24.0,22.6,23.7,58700
2013.02.10,00:00,23.8,24.1,22.7,24.0,234906
2013.02.11,00:00,24.0,24.7,23.7,24.7,125986
2013.02.12,00:00,24.7,25.8,24.3,25.2,101909
2013.02.13,00:00,25.2,26.3,24.2,24.2,144964
2013.02.14,00:00,24.2,27.6,21.7,27.2,160132
2013.02.15,00:00,27.3,27.5,26.1,27.1,104017
2013.02.16,00:00,27.1,27.5,26.8,27.2,113525
2013.02.17,00:00,27.2,27.4,25.0,26.8,103440
2013.02.18,00:00,26.9,27.2,26.4,27.0,82398
2013.02.19,00:00,27.0,29.7,26.8,29.4,174574
2013.02.20,00:00,29.4,29.9,29.0,29.7,112566
2013.02.21,00:00,29.7,30.0,29.3,29.8,108040
2013.02.22,00:00,29.8,31.3,29.7,30.3,108728
2013.02.23,00:00,30.3,30.7,28.0,29.8,198530
2013.02.24,00:00,29.8,30.4,29.2,29.9,52277
2013.02.25,00:00,29.9,30.4,29.6,30.4,76738
2013.02.26,00:00,30.4,31.7,30.1,31.1,68492
2013.02.27,00:00,31.2,31.7,30.8,30.9,88555
2013.02.28,00:00,31.3,34.5,30.9,33.4,126515
2013.03.01,00:00,33.4,34.9,32.9,34.5,51080
2013.03.02,00:00,34.5,34.8,33.2,34.3,231752
2013.03.03,00:00,34.3,34.5,33.8,34.5,162695
2013.03.04,00:00,34.5,36.7,34.2,36.2,107716
2013.03.05,00:00,36.2,40.7,36.2,40.3,85415
2013.03.06,00:00,40.2,49.1,40.2,41.0,126441
2013.03.07,00:00,41.0,45.5,33.3,42.0,157308
2013.03.08,00:00,42.0,44.5,41.0,44.2,119865
2013.03.09,00:00,44.2,47.0,43.4,46.9,92667
2013.03.10,00:00,46.6,48.0,45.5,46.0,41351
2013.03.11,00:00,46.0,48.5,45.5,48.4,131288
2013.03.12,00:00,48.4,48.4,36.7,44.3,183405
2013.03.13,00:00,44.3,47.3,43.8,46.9,56332
2013.03.14,00:00,46.9,48.0,46.1,47.2,141819
2013.03.15,00:00,47.0,47.5,46.4,47.0,74096
2013.03.16,00:00,46.9,47.4,46.3,47.0,338292
2013.03.17,00:00,47.0,47.7,46.8,47.4,243691
2013.03.18,00:00,47.4,52.9,47.1,51.6,167883
2013.03.19,00:00,51.6,62.0,50.0,59.1,142544
2013.03.20,00:00,59.1,66.0,57.7,64.5,120119
2013.03.21,00:00,64.5,74.9,63.1,70.9,143797
2013.03.22,00:00,70.8,73.8,65.0,69.9,76150
2013.03.23,00:00,70.3,70.5,52.4,64.4,150451
2013.03.24,00:00,64.4,72.5,62.7,71.5,159000
2013.03.25,00:00,71.5,78.0,69.5,73.6,80820
2013.03.26,00:00,73.6,79.7,73.1,78.5,263125
2013.03.27,00:00,78.8,89.5,78.4,88.9,72172
2013.03.28,00:00,88.8,95.7,75.0,86.2,140215
2013.03.29,00:00,86.2,93.1,83.0,90.5,83140
2013.03.30,00:00,90.5,95.0,87.0,92.2,199206
2013.03.31,00:00,92.2,93.8,91.0,93.0,486748
2013.04.01,00:00,93.0,106.0,92.2,104.0,156705
2013.04.02,00:00,104.0,118.4,99.0,118.0,2324939
2013.04.03,00:00,118.0,147.0,110.0,135.0,5334934
2013.04.04,00:00,135.0,142.1,116.4,132.1,4633821
2013.04.05,00:00,132.8,144.9,130.2,142.3,5875719
2013.04.06,00:00,142.1,143.9,139.5,142.6,9014347
2013.04.07,00:00,142.6,164.9,142.6,162.3,6638104
2013.04.08,00:00,162.3,194.9,162.3,187.5,3938818
2013.04.09,00:00,186.5,240.1,186.5,230.0,3860318
2013.04.10,00:00,230.0,266.0,105.0,165.0,6003290
2013.04.11,00:00,165.0,188.7,110.2,124.9,1564391
2013.04.12,00:00,124.9,140.0,54.3,117.0,2885211
2013.04.13,00:00,117.0,130.0,85.5,93.0,9111707
2013.04.14,00:00,93.0,110.0,84.4,90.0,4121380
2013.04.15,00:00,90.0,102.0,71.5,82.4,3168140
2013.04.16,00:00,82.4,84.5,50.0,68.4,702016
2013.04.17,00:00,68.4,98.8,63.3,93.1,1166093
2013.04.18,00:00,93.1,113.0,86.0,109.0,3212895
2013.04.19,00:00,109.0,136.4,105.5,118.5,1889101
2013.04.20,00:00,118.5,132.0,115.0,126.6,7652046
2013.04.21,00:00,126.6,130.5,110.0,119.2,5249886
2013.04.22,00:00,118.5,127.4,118.5,127.4,8580631
2013.04.23,00:00,127.4,144.0,125.0,143.5,3967873
2013.04.24,00:00,143.5,166.4,141.0,154.2,1533532
2013.04.25,00:00,154.2,162.0,120.1,141.7,5783103
2013.04.26,00:00,141.7,145.0,121.5,136.9,6827886
2013.04.27,00:00,136.9,139.9,122.7,128.0,13536032
2013.04.28,00:00,128.0,136.7,127.5,134.4,12315263
2013.04.29,00:00,134.4,149.1,133.0,144.0,10024115
2013.04.30,00:00,143.8,146.9,134.0,139.2,10245122
2013.05.01,00:00,139.0,140.1,104.0,116.4,3909129
2013.05.02,00:00,116.4,126.9,91.1,106.3,4022681
2013.05.03,00:00,106.3,109.0,79.0,98.1,2334699
2013.05.04,00:00,98.1,116.3,92.0,112.9,4789841
2013.05.05,00:00,112.9,118.9,107.0,116.0,9365867
2013.05.06,00:00,115.9,124.9,106.0,112.3,6970665
2013.05.07,00:00,112.3,114.0,97.5,109.6,4993329
2013.05.08,00:00,109.6,116.8,109.5,113.2,11035297
2013.05.09,00:00,113.2,113.7,108.8,112.8,8354162
2013.05.10,00:00,112.8,122.5,111.5,117.7,5503892
2013.05.11,00:00,117.6,118.7,113.0,115.6,8622632
2013.05.12,00:00,115.7,117.5,112.4,114.8,13007394
2013.05.13,00:00,114.8,118.9,114.5,118.0,9443054
2013.05.14,00:00,118.0,119.8,109.4,111.4,4905161
2013.05.15,00:00,111.3,116.4,103.0,114.2,6689685
2013.05.16,00:00,114.2,119.0,112.1,118.2,5576364
2013.05.17,00:00,118.2,125.6,116.6,123.5,4223898
2013.05.18,00:00,123.5,125.3,122.3,123.2,6816698
2013.05.19,00:00,123.2,124.5,119.5,122.5,7374703
2013.05.20,00:00,113.5,123.7,113.5,122.0,10798095
2013.05.21,00:00,122.0,123.1,121.1,122.9,20428343
2013.05.22,00:00,122.9,123.5,121.3,121.9,4237552
2013.05.23,00:00,121.9,126.9,121.7,125.1,4095
2013.05.24,00:00,125.2,133.9,125.2,130.5,4345
2013.05.25,00:00,130.5,133.1,128.2,130.8,2395
2013.05.26,00:00,130.8,136.0,130.0,135.2,5795
2013.05.27,00:00,135.2,135.5,124.0,128.1,7476
2013.05.28,00:00,128.1,130.6,125.6,129.0,4334
2013.05.29,00:00,129.0,132.0,127.6,131.9,5409
2013.05.30,00:00,131.9,132.7,127.0,127.5,4845
2013.05.31,00:00,127.8,130.5,126.4,127.0,4007
2013.06.01,00:00,127.0,129.8,126.6,128.3,3938
2013.06.02,00:00,128.3,130.0,116.6,119.0,1742
2013.06.03,00:00,119.0,122.5,116.0,120.3,5058
2013.06.04,00:00,120.3,123.8,118.8,121.0,4461
2013.06.05,00:00,121.0,123.4,119.6,120.5,5031
2013.06.06,00:00,120.5,123.1,119.2,119.5,5366
2013.06.07,00:00,119.5,120.5,106.3,111.6,6532
2013.06.08,00:00,111.6,112.0,107.2,109.1,4539
2013.06.09,00:00,109.1,109.8,88.0,100.5,7917
2013.06.10,00:00,100.5,110.1,98.0,105.8,5970
2013.06.11,00:00,105.2,109.3,104.4,107.8,4718
2013.06.12,00:00,107.8,111.7,106.7,107.9,5665
2013.06.13,00:00,108.0,110.2,107.7,107.9,4550
2013.06.14,00:00,107.9,108.1,97.7,99.6,5338
2013.06.15,00:00,99.6,103.7,97.5,100.0,4598
2013.06.16,00:00,100.0,101.9,98.9,99.2,4079
2013.06.17,00:00,99.7,102.3,98.9,101.2,2372
2013.06.18,00:00,101.2,112.8,100.2,105.0,3022
2013.06.19,00:00,105.3,110.6,104.5,106.9,3392
2013.06.20,00:00,106.9,114.0,106.6,112.3,3004
2013.06.21,00:00,112.3,115.0,107.6,109.3,3731
2013.06.22,00:00,109.3,110.0,107.5,108.8,1933
2013.06.23,00:00,108.8,109.1,106.2,106.8,1767
2013.06.24,00:00,106.8,108.3,100.8,102.9,2691
2013.06.25,00:00,102.9,107.1,101.0,101.9,2700
2013.06.26,00:00,101.9,105.5,101.5,104.3,2492
2013.06.27,00:00,104.3,104.8,102.0,102.6,2029
2013.06.28,00:00,102.6,102.9,92.3,95.3,2577
2013.06.29,00:00,95.3,100.0,93.0,95.4,2542
2013.06.30,00:00,95.4,98.1,93.9,96.7,2337
2013.07.01,00:00,96.7,97.7,89.0,89.1,2213
2013.07.02,00:00,89.1,92.3,86.2,89.6,2339
2013.07.03,00:00,89.6,91.2,81.9,82.2,2351
2013.07.04,00:00,82.2,83.7,72.2,81.6,3557
2013.07.05,00:00,81.6,81.6,65.5,70.6,3394
2013.07.06,00:00,70.6,75.0,66.8,68.9,3203
2013.07.07,00:00,68.9,71.9,66.6,71.6,2708
2013.07.08,00:00,71.7,80.0,70.7,77.1,3376
2013.07.09,00:00,77.1,78.3,72.6,76.8,3691
2013.07.10,00:00,76.8,84.4,75.7,84.2,3337
2013.07.11,00:00,84.2,102.1,82.8,87.6,3779
2013.07.12,00:00,87.8,98.0,86.6,97.5,1282
2013.07.14,00:00,98.3,99.0,92.9,94.4,16595164
2013.07.15,00:00,94.3,101.9,93.1,98.9,8933154
2013.07.16,00:00,98.9,100.7,96.0,97.1,15306864
2013.07.17,00:00,97.0,100.0,96.2,98.5,5678723
2013.07.18,00:00,98.5,98.8,86.2,90.1,3535604
2013.07.19,00:00,90.1,95.2,87.6,92.0,5019207
2013.07.20,00:00,92.0,93.1,89.3,89.8,5982463
2013.07.21,00:00,90.0,92.0,88.0,92.0,3335592
2013.07.22,00:00,92.0,92.0,89.8,91.6,2077943
2013.07.23,00:00,91.6,97.1,91.6,95.6,4205817
2013.07.24,00:00,95.6,96.0,92.3,95.1,6184225
2013.07.25,00:00,95.1,97.5,93.6,97.0,5368927
2013.07.26,00:00,97.0,97.5,96.0,96.0,2618748
2013.07.27,00:00,96.0,97.0,93.0,94.4,3389248
2013.07.28,00:00,94.2,100.6,94.0,98.8,2963243
2013.07.29,00:00,98.8,102.9,98.5,101.5,3143235
2013.07.30,00:00,101.2,108.0,100.5,108.0,5372730
2013.07.31,00:00,107.3,111.7,103.6,106.2,6626179
2013.08.01,00:00,106.2,108.0,103.0,104.0,7944516
2013.08.02,00:00,104.6,108.0,101.2,104.5,5633750
2013.08.03,00:00,104.6,105.9,102.0,105.0,5694112
2013.08.04,00:00,104.9,106.0,103.5,105.1,4633485
2013.08.05,00:00,105.1,107.8,105.0,106.7,11539385
2013.08.06,00:00,106.2,107.5,95.5,106.6,3540013
2013.08.07,00:00,106.6,107.0,96.1,106.0,3791499
2013.08.08,00:00,106.0,106.7,95.3,103.1,3154605
2013.08.09,00:00,103.1,105.8,94.5,102.8,4937921
2013.08.10,00:00,102.4,103.9,102.4,103.0,7377526
2013.08.11,00:00,103.0,105.2,102.7,105.0,8684398
2013.08.12,00:00,105.0,108.1,103.5,106.8,5440503
2013.08.13,00:00,107.0,108.9,94.0,94.5,10508407
2013.08.14,00:00,94.5,98.2,94.2,98.0,14985
2013.08.15,00:00,98.0,98.1,96.0,96.4,13602
2013.08.16,00:00,96.4,96.9,95.2,96.3,9988
2013.08.17,00:00,96.6,97.1,95.8,97.1,1353
2013.08.18,00:00,97.1,97.3,96.5,97.0,658
2013.08.19,00:00,97.0,100.6,96.7,98.8,2198
2013.08.20,00:00,98.8,100.3,97.7,100.3,4858
2013.08.21,00:00,100.3,109.0,100.3,107.5,10286
2013.08.22,00:00,107.5,109.0,106.0,107.5,7808
2013.08.23,00:00,107.5,107.8,102.1,105.1,6311
2013.08.24,00:00,105.1,107.0,104.1,106.1,2902
2013.08.25,00:00,106.1,110.0,106.0,109.7,2735
2013.08.26,00:00,109.7,110.2,106.2,107.5,3481
2013.08.27,00:00,107.6,116.5,107.1,115.4,5481
2013.08.28,00:00,115.4,116.3,114.0,115.8,3606
2013.08.29,00:00,115.8,116.3,114.8,115.5,2871
2013.08.30,00:00,115.5,121.9,115.5,120.6,3289
2013.08.31,00:00,120.6,125.8,120.0,125.7,3996
2013.09.01,00:00,125.7,126.6,119.0,125.5,3497
2013.09.02,00:00,125.5,126.6,123.1,125.4,3526
2013.09.03,00:00,125.4,126.0,123.5,125.0,2341
2013.09.04,00:00,125.0,125.0,114.0,119.0,5063
2013.09.05,00:00,118.5,119.5,111.6,117.2,7939
2013.09.06,00:00,117.2,119.3,113.4,114.4,4152
2013.09.07,00:00,114.4,119.0,112.1,117.0,5425
2013.09.08,00:00,116.7,118.3,114.4,114.5,6034
2013.09.09,00:00,114.5,121.9,114.5,119.5,3779
2013.09.10,00:00,120.0,121.9,118.3,119.6,3807
2013.09.11,00:00,119.5,123.8,117.0,122.0,3203
2013.09.12,00:00,122.0,124.9,121.8,123.7,3220
2013.09.13,00:00,123.7,125.0,122.0,124.3,2945
2013.09.14,00:00,124.3,125.0,122.5,123.1,3142
2013.09.15,00:00,122.7,124.0,121.0,123.1,5138
2013.09.16,00:00,123.1,124.8,122.4,123.9,2536
2013.09.17,00:00,123.9,125.0,123.6,124.6,2163
2013.09.18,00:00,124.5,126.0,124.4,125.6,1616
2013.09.19,00:00,125.6,125.6,120.2,122.6,3246
2013.09.20,00:00,122.6,124.0,119.5,121.5,7863
2013.09.21,00:00,121.5,122.3,120.8,121.2,2949
2013.09.22,00:00,121.2,122.0,120.5,121.0,4572
2013.09.23,00:00,121.0,122.2,120.5,120.5,2873
2013.09.24,00:00,120.5,121.5,119.6,121.0,1340
2013.09.25,00:00,121.5,123.7,120.9,122.6,2069
2013.09.26,00:00,122.6,123.1,121.4,122.6,1722
2013.09.27,00:00,122.6,123.5,121.7,122.6,2278
2013.09.28,00:00,122.6,123.7,122.1,123.3,1444
2013.09.29,00:00,123.6,124.7,122.9,123.5,1451
2013.09.30,00:00,123.5,124.0,121.6,123.5,2262
2013.10.01,00:00,123.3,124.5,122.7,123.8,2060
2013.10.02,00:00,124.0,124.7,75.2,107.0,4271
2013.10.03,00:00,107.0,116.5,94.1,115.9,5559
2013.10.04,00:00,115.8,120.8,114.4,118.9,3010
2013.10.05,00:00,119.5,119.5,118.1,119.0,477
2013.10.06,00:00,118.8,119.4,118.2,119.0,644
2013.10.07,00:00,119.0,122.7,119.0,121.9,2920
2013.10.08,00:00,121.8,122.6,121.1,121.8,3376
2013.10.09,00:00,121.8,124.0,121.4,123.2,3428
2013.10.10,00:00,123.2,124.9,123.0,123.3,5443
2013.10.11,00:00,123.3,124.9,123.2,123.7,4655
2013.10.12,00:00,123.7,124.9,123.6,124.7,1311
2013.10.13,00:00,124.9,127.5,124.5,127.0,2170
2013.10.14,00:00,127.0,133.9,127.0,129.8,7251
2013.10.15,00:00,129.8,137.7,129.8,135.9,5757
2013.10.16,00:00,135.9,144.7,131.4,134.2,7651
2013.10.17,00:00,134.2,141.0,133.1,140.9,6120
2013.10.18,00:00,140.9,147.5,140.1,147.2,7402
2013.10.19,00:00,146.9,160.0,145.1,153.5,8265
2013.10.20,00:00,153.5,158.5,152.1,158.5,3676
2013.10.21,00:00,158.5,172.0,158.5,170.3,6035
2013.10.22,00:00,170.3,186.0,169.4,180.9,9048
2013.10.23,00:00,180.9,198.5,180.1,195.2,9667
2013.10.24,00:00,195.2,204.0,152.5,180.4,14398
2013.10.25,00:00,180.4,185.2,156.0,171.5,16691
2013.10.26,00:00,172.0,179.9,168.0,169.5,12624
2013.10.27,00:00,169.3,185.7,168.2,183.5,8534
2013.10.28,00:00,184.0,192.4,181.2,188.4,6859
2013.10.29,00:00,188.4,197.0,185.0,195.7,5883
2013.10.30,00:00,195.7,198.5,191.0,194.0,8220
2013.10.31,00:00,193.9,198.0,191.2,196.8,6821
2013.11.01,00:00,196.5,198.6,195.6,198.0,4219
2013.11.02,00:00,198.2,200.9,197.6,199.2,21343
2013.11.03,00:00,199.2,209.8,198.0,207.4,31808
2013.11.04,00:00,207.4,220.0,205.9,218.1,6608
2013.11.05,00:00,218.5,244.9,216.0,237.9,10022
2013.11.06,00:00,237.9,253.8,233.1,252.5,10770
2013.11.07,00:00,253.0,292.0,249.1,282.0,12535
2013.11.08,00:00,281.9,314.9,280.0,309.8,9739
2013.11.09,00:00,310.2,349.1,301.6,342.1,14066
2013.11.10,00:00,343.9,343.9,255.0,297.7,19926
2013.11.11,00:00,297.7,329.7,290.0,323.6,12266
2013.11.12,00:00,323.6,345.5,319.4,332.5,9496
2013.11.13,00:00,332.5,400.0,332.5,392.0,12612
2013.11.14,00:00,392.0,410.8,376.0,403.0,13554
2013.11.15,00:00,403.0,425.4,394.1,394.1,9398
2013.11.16,00:00,394.1,428.9,380.5,423.3,10680
2013.11.17,00:00,423.2,479.9,420.1,478.4,11064
2013.11.18,00:00,478.4,620.0,464.9,614.0,19311
2013.11.19,00:00,610.0,820.0,379.8,568.0,26229
2013.11.20,00:00,568.1,568.1,387.9,500.7,26996
2013.11.21,00:00,500.7,642.0,495.0,637.3,17990
2013.11.22,00:00,637.8,700.0,615.1,696.8,15562
2013.11.23,00:00,696.5,773.2,693.6,722.7,13239
2013.11.24,00:00,722.5,743.0,630.1,707.8,14822
2013.11.25,00:00,708.2,737.9,690.9,706.0,11694
2013.11.26,00:00,707.0,876.0,707.0,860.5,11765
2013.11.27,00:00,860.0,950.0,843.0,935.0,14779
2013.11.28,00:00,931.0,1000.0,850.0,950.0,15533
2013.11.29,00:00,946.0,1030.3,927.0,1022.7,18170
2013.11.30,00:00,1018.0,1090.0,1001.0,1047.2,16037
2013.12.01,00:00,1047.2,1055.5,677.0,848.2,20088
2013.12.02,00:00,845.0,987.5,819.6,950.0,20470
2013.12.03,00:00,950.1,1018.0,928.7,995.0,12286
2013.12.04,00:00,995.0,1077.2,990.3,1074.0,10788
2013.12.05,00:00,1074.0,1077.2,848.9,1000.1,20584
2013.12.06,00:00,1000.1,1006.0,825.0,906.5,16411
2013.12.07,00:00,906.5,909.0,551.0,701.3,27590
2013.12.08,00:00,720.0,795.9,665.1,737.0,10285
2013.12.09,00:00,760.3,899.0,757.9,868.0,16801
2013.12.10,00:00,868.0,966.6,863.0,958.0,12996
2013.12.11,00:00,958.5,970.9,805.0,860.0,17058
2013.12.12,00:00,860.0,889.2,825.0,850.2,9740
2013.12.13,00:00,850.2,907.0,835.0,857.5,11202
2013.12.14,00:00,855.1,874.2,837.5,850.0,7437
2013.12.15,00:00,850.0,869.0,801.1,853.6,9459
2013.12.16,00:00,853.6,870.0,634.0,715.0,17536
2013.12.17,00:00,710.0,748.5,610.0,663.5,20887
2013.12.18,00:00,663.2,666.0,420.0,526.8,29192
2013.12.19,00:00,517.0,674.7,483.8,660.0,31478
2013.12.20,00:00,660.0,709.9,591.0,624.0,24048
2013.12.21,00:00,623.1,642.8,560.1,594.6,23426
2013.12.22,00:00,594.6,646.0,573.0,615.0,10282
2013.12.23,00:00,614.0,642.9,592.0,638.0,14085
2013.12.24,00:00,638.5,668.0,629.0,649.8,11772
2013.12.25,00:00,649.8,673.0,640.0,663.0,10673
2013.12.26,00:00,662.0,757.0,662.0,743.0,16438
2013.12.27,00:00,742.2,761.0,681.0,695.2,16247
2013.12.28,00:00,695.2,735.6,689.9,713.0,13252
2013.12.29,00:00,713.6,731.0,695.0,725.7,9402
2013.12.30,00:00,725.7,737.0,716.7,731.0,8426
2013.12.31,00:00,730.2,734.4,711.0,726.4,7344
2014.01.01,00:00,726.3,748.0,726.3,741.3,7882
2014.01.02,00:00,741.0,799.9,740.3,792.5,10329
2014.01.03,00:00,792.5,818.4,765.0,785.0,13796
2014.01.04,00:00,785.0,827.3,780.5,820.0,10503
2014.01.05,00:00,820.0,919.0,819.1,905.3,12412
2014.01.06,00:00,906.9,990.0,888.0,935.2,16212
2014.01.07,00:00,935.2,944.0,780.0,795.0,14410
2014.01.08,00:00,793.1,850.0,720.1,813.0,16459
2014.01.09,00:00,813.0,843.9,778.0,832.0,13590
2014.01.10,00:00,832.0,837.0,794.2,837.0,10303
2014.01.11,00:00,837.4,888.0,831.1,881.1,18260
2014.01.12,00:00,881.0,898.8,815.0,850.0,20426
2014.01.13,00:00,849.2,849.2,791.5,818.8,14457
2014.01.14,00:00,818.8,840.0,805.9,823.6,10891
2014.01.15,00:00,823.6,848.6,813.0,840.0,12227
2014.01.16,00:00,839.0,845.2,818.0,826.8,10198
2014.01.17,00:00,825.0,826.7,783.0,783.9,12520
2014.01.18,00:00,783.9,819.0,783.1,810.8,11099
2014.01.19,00:00,810.8,835.0,804.0,825.8,10862
2014.01.20,00:00,825.8,841.5,815.0,831.7,9432
2014.01.21,00:00,831.7,837.0,819.9,830.0,8530
2014.01.22,00:00,830.0,834.9,816.0,822.1,8852
2014.01.23,00:00,822.1,828.8,801.0,812.6,8677
2014.01.24,00:00,812.6,815.5,754.0,776.0,13824
2014.01.25,00:00,773.5,818.0,768.8,815.0,12957
2014.01.26,00:00,815.0,830.0,790.7,822.9,11685
2014.01.27,00:00,822.9,829.6,751.0,763.0,12533
2014.01.28,00:00,763.0,806.3,727.1,783.1,15414
2014.01.29,00:00,783.1,797.9,771.1,787.4,10068
2014.01.30,00:00,787.4,808.4,757.0,793.5,11729
2014.01.31,00:00,793.5,802.1,785.0,793.0,6974
2014.02.01,00:00,793.0,817.5,792.5,809.0,4987
2014.02.02,00:00,809.5,815.0,792.0,796.9,4694
2014.02.03,00:00,796.9,807.4,784.9,800.0,4080
2014.02.04,00:00,800.0,809.8,793.2,802.0,3726
2014.02.05,00:00,802.2,804.5,787.0,795.5,7113
2014.02.06,00:00,795.5,800.0,760.5,761.3,9368
2014.02.07,00:00,762.0,766.7,676.1,725.1,14626
2014.02.08,00:00,725.0,728.0,690.0,701.2,8348
2014.02.09,00:00,701.2,727.1,671.1,706.0,8488
2014.02.10,00:00,706.0,719.8,301.0,661.0,13475
2014.02.11,00:00,661.0,709.9,622.2,634.9,11652
2014.02.12,00:00,635.3,673.0,633.0,650.0,8282
2014.02.13,00:00,650.0,654.0,582.0,588.9,8723
2014.02.14,00:00,588.9,688.9,515.3,631.1,18582
2014.02.15,00:00,631.1,658.3,616.0,637.0,8497
2014.02.16,00:00,638.0,648.0,620.9,622.1,4839
2014.02.17,00:00,573.0,645.4,565.0,612.1,12276
2014.02.18,00:00,612.5,633.9,601.6,611.5,7160
2014.02.19,00:00,612.0,612.8,601.6,608.0,2160
2014.02.20,00:00,609.0,613.0,530.0,539.0,3194
2014.02.21,00:00,540.0,572.9,512.0,542.7,3303
2014.02.23,00:00,542.6,606.7,542.6,595.0,317
2014.02.24,00:00,595.0,599.0,548.1,551.7,3652
2014.02.25,00:00,551.7,551.7,427.9,532.0,4023
2014.02.26,00:00,532.6,587.6,528.0,564.5,3443
2014.02.27,00:00,564.0,575.3,537.0,566.9,2847
2014.02.28,00:00,566.0,568.5,530.0,543.6,2073
2014.03.02,00:00,547.1,551.5,543.0,551.0,190
2014.03.03,00:00,552.6,684.0,547.5,640.3,2966
2014.03.04,00:00,638.8,695.1,636.4,653.6,9118
2014.03.05,00:00,653.6,665.1,630.7,650.2,7258
2014.03.06,00:00,650.2,655.0,631.0,645.0,3738
2014.03.07,00:00,642.8,644.5,601.0,617.4,5969
2014.03.09,00:00,627.0,630.7,624.0,624.0,242
2014.03.10,00:00,624.0,638.5,607.0,619.6,4273
2014.03.11,00:00,619.5,628.7,613.1,623.0,3437
2014.03.12,00:00,622.0,634.1,619.1,625.4,4051
2014.03.13,00:00,625.4,632.0,619.1,625.6,3235
2014.03.14,00:00,625.2,627.0,617.5,620.1,2729
2014.03.16,00:00,618.9,621.8,618.5,621.8,114
2014.03.17,00:00,621.9,624.7,605.0,614.0,2973
2014.03.18,00:00,612.1,616.0,595.0,607.6,4738
2014.03.19,00:00,607.6,620.5,602.6,603.1,4190
2014.03.20,00:00,602.8,604.0,579.1,582.3,4574
2014.03.21,00:00,582.3,602.8,558.1,577.0,5131
2014.03.23,00:00,564.5,566.4,563.6,563.8,146
2014.03.24,00:00,563.8,587.1,552.2,585.7,4713
2014.03.25,00:00,586.0,586.3,564.0,576.0,3590
2014.03.26,00:00,576.0,585.9,568.1,576.5,3051
2014.03.27,00:00,576.5,580.2,470.0,482.0,7581
2014.03.28,00:00,481.0,526.4,469.0,489.5,7241
2014.03.30,00:00,453.3,473.2,452.6,462.0,1150
2014.03.31,00:00,462.0,483.7,443.2,459.1,6783
2014.04.01,00:00,459.1,497.0,453.5,475.0,7007
2014.04.02,00:00,476.9,495.5,418.0,432.0,8928
2014.04.03,00:00,433.0,450.0,407.0,441.0,9086
2014.04.04,00:00,441.5,453.4,420.1,442.5,5541
2014.04.06,00:00,455.9,460.1,453.1,460.1,378
2014.04.07,00:00,460.1,461.0,435.1,441.0,5667
2014.04.08,00:00,440.9,451.7,438.1,442.7,3628
2014.04.09,00:00,442.7,448.0,432.1,433.4,3904
2014.04.10,00:00,433.3,436.0,346.0,352.0,9592
2014.04.11,00:00,350.2,432.0,339.7,414.0,10430
2014.04.13,00:00,397.6,409.0,394.0,409.0,1353
2014.04.14,00:00,408.1,464.6,398.1,449.1,8380
2014.04.15,00:00,448.5,528.5,444.1,515.0,8924
2014.04.16,00:00,516.2,540.7,480.2,524.0,8802
2014.04.17,00:00,523.3,531.9,462.9,482.0,7199
2014.04.18,00:00,482.0,486.9,453.7,467.9,4761
2014.04.20,00:00,484.3,491.0,480.2,486.5,503
2014.04.21,00:00,485.8,501.0,474.1,480.7,3790
2014.04.22,00:00,481.1,487.0,463.2,469.0,4028
2014.04.23,00:00,470.0,478.5,468.5,476.9,2732
2014.04.24,00:00,474.0,492.0,467.4,489.6,3512
2014.04.25,00:00,489.7,492.5,428.7,449.3,6714
2014.04.27,00:00,428.3,432.3,422.4,422.4,496
2014.04.28,00:00,422.3,434.5,409.9,425.1,5032
2014.04.29,00:00,425.1,439.7,420.0,434.6,4650
2014.04.30,00:00,434.6,440.0,425.0,435.0,4233
2014.05.01,00:00,434.9,450.6,434.5,444.2,4382
2014.05.02,00:00,444.2,446.0,426.0,432.4,3254
2014.05.04,00:00,423.3,425.9,422.2,423.9,130
2014.05.05,00:00,426.0,428.5,418.8,421.1,2823
2014.05.06,00:00,421.1,425.0,408.4,418.0,3962
2014.05.07,00:00,417.9,434.0,412.7,425.2,3678
2014.05.08,00:00,427.0,433.0,423.4,425.2,2705
2014.05.09,00:00,425.1,440.8,423.5,435.1,2556
2014.05.11,00:00,428.7,430.0,427.0,429.6,280
2014.05.12,00:00,429.7,434.0,425.0,431.0,2487
2014.05.13,00:00,430.9,435.0,427.1,429.8,2612
2014.05.14,00:00,429.8,436.4,428.1,432.7,2426
2014.05.15,00:00,432.5,438.9,431.0,435.7,2495
2014.05.16,00:00,436.8,438.0,432.0,437.8,2215
2014.05.18,00:00,436.8,437.6,436.0,436.4,198
2014.05.19,00:00,436.4,438.8,432.3,434.9,1802
2014.05.20,00:00,434.9,483.4,433.7,474.5,5843
2014.05.21,00:00,475.4,485.0,471.1,475.9,3169
2014.05.22,00:00,475.9,520.0,474.0,518.2,5353
2014.05.23,00:00,519.1,536.6,505.1,514.5,5969
2014.05.25,00:00,562.9,564.0,555.1,561.5,371
2014.05.26,00:00,561.5,588.0,555.5,573.0,5390
2014.05.27,00:00,571.8,581.8,537.0,556.6,6396
2014.05.28,00:00,558.5,566.2,546.0,559.6,4175
2014.05.29,00:00,559.6,561.0,540.2,552.3,3286
2014.05.30,00:00,553.5,604.0,552.0,598.9,5639
2014.06.01,00:00,639.0,648.5,618.8,624.4,1080
2014.06.02,00:00,623.6,651.8,598.0,644.0,7737
2014.06.03,00:00,644.0,664.0,632.5,651.9,5934
2014.06.04,00:00,651.9,656.6,602.0,623.1,6745
2014.06.05,00:00,622.5,653.0,622.1,643.3,4389
2014.06.06,00:00,643.3,645.9,632.0,634.0,3135
2014.06.08,00:00,638.8,645.1,638.8,641.5,421
2014.06.09,00:00,641.5,645.0,627.0,636.2,3255
2014.06.10,00:00,634.9,645.0,630.0,641.1,3086
2014.06.11,00:00,639.3,645.9,617.0,620.3,3799
2014.06.12,00:00,618.6,628.7,557.0,573.6,6460
2014.06.13,00:00,573.0,608.5,572.0,583.7,5922
2014.06.15,00:00,568.0,589.0,565.9,589.0,772
2014.06.16,00:00,588.8,600.0,575.0,582.2,5453
2014.06.17,00:00,582.2,601.1,580.0,599.3,3988
2014.06.18,00:00,600.0,607.0,585.5,595.1,3579
2014.06.19,00:00,596.5,601.5,582.2,584.3,3367
2014.06.20,00:00,583.0,589.0,576.0,581.0,3021
2014.06.22,00:00,588.3,593.0,588.3,591.1,159
2014.06.23,00:00,590.5,592.5,574.3,580.5,3318
2014.06.24,00:00,580.6,582.8,563.8,566.6,2700
2014.06.25,00:00,567.2,572.0,552.0,555.4,5103
2014.06.26,00:00,555.4,575.2,554.0,573.8,3283
2014.06.27,00:00,573.8,586.0,570.0,577.1,3229
2014.06.29,00:00,586.5,595.9,585.2,592.0,354
2014.06.30,00:00,592.0,643.9,590.0,634.6,6918
2014.07.01,00:00,634.6,651.1,619.3,626.3,5072
2014.07.02,00:00,624.6,644.8,622.0,638.1,5286
2014.07.03,00:00,638.1,640.7,625.0,631.6,3316
2014.07.04,00:00,631.5,636.6,619.3,623.7,3058
2014.07.06,00:00,627.7,628.0,625.0,627.0,249
2014.07.07,00:00,627.3,630.0,607.0,614.1,4161
2014.07.08,00:00,613.6,617.7,608.0,612.6,2854
2014.07.09,00:00,611.9,616.4,608.8,612.6,2890
2014.07.10,00:00,612.5,615.5,600.7,606.6,3695
2014.07.11,00:00,606.5,623.1,602.0,620.0,2695
2014.07.13,00:00,618.1,620.5,616.7,618.7,234
2014.07.14,00:00,618.0,619.9,608.0,612.4,2413
2014.07.15,00:00,612.4,616.1,609.5,611.7,2030
2014.07.16,00:00,612.0,615.0,606.5,608.2,2158
2014.07.17,00:00,608.0,620.0,602.0,613.9,2689
2014.07.18,00:00,613.9,617.5,608.0,613.5,1730
2014.07.20,00:00,609.5,612.5,609.5,610.5,127
2014.07.21,00:00,610.5,613.2,608.5,610.5,1684
2014.07.22,00:00,610.5,613.4,608.3,610.5,1846
2014.07.23,00:00,610.1,612.5,606.0,607.9,1446
2014.07.24,00:00,607.0,610.3,575.3,590.0,3962
2014.07.25,00:00,590.0,599.2,582.0,590.7,3028
2014.07.27,00:00,582.7,583.5,579.1,583.5,217
2014.07.28,00:00,581.5,583.5,559.0,575.3,3959
2014.07.29,00:00,574.5,578.8,569.2,572.5,3113
2014.07.30,00:00,572.5,576.9,552.0,556.9,4290
2014.07.31,00:00,559.0,581.8,552.1,573.4,4105
2014.08.01,00:00,573.4,595.0,572.0,585.0,2315
2014.08.03,00:00,577.0,579.4,575.6,576.0,226
2014.08.04,00:00,576.0,585.5,573.0,576.5,2678
2014.08.05,00:00,576.5,579.8,571.8,575.5,3489
2014.08.06,00:00,575.5,581.2,569.2,576.4,1990
2014.08.07,00:00,575.7,585.4,575.0,581.2,2514
2014.08.08,00:00,581.3,592.0,580.4,586.8,2828
2014.08.10,00:00,581.3,583.7,581.0,583.1,127
2014.08.11,00:00,583.1,584.7,563.3,569.0,3244
2014.08.12,00:00,568.3,572.0,557.9,562.8,3876
2014.08.13,00:00,562.8,567.0,520.0,534.4,7575
2014.08.14,00:00,535.4,536.2,488.1,502.9,8511
2014.08.15,00:00,502.9,514.0,480.6,485.9,6112
2014.08.17,00:00,477.2,489.6,477.0,484.1,1079
2014.08.18,00:00,484.0,494.0,320.0,437.0,11791
2014.08.19,00:00,436.0,483.0,424.1,475.1,9106
2014.08.20,00:00,475.1,515.7,452.6,503.7,8595
2014.08.21,00:00,503.7,525.9,499.0,505.3,7731
2014.08.22,00:00,505.3,516.1,488.1,509.0,5428
2014.08.24,00:00,501.0,505.0,499.8,500.5,290
2014.08.25,00:00,500.5,502.9,489.8,495.2,3726
2014.08.26,00:00,495.2,509.9,495.0,506.6,3641
2014.08.27,00:00,506.6,514.9,502.0,503.3,4627
2014.08.28,00:00,503.6,509.2,495.1,499.6,3724
2014.08.29,00:00,499.6,504.3,492.6,501.6,2981
2014.08.31,00:00,473.9,478.9,472.2,472.9,430
2014.09.01,00:00,472.9,485.0,466.5,469.7,4028
2014.09.02,00:00,469.4,478.9,462.0,469.0,3563
2014.09.03,00:00,469.0,473.0,466.0,466.4,2440
2014.09.04,00:00,466.4,490.6,458.1,484.1,3200
2014.09.05,00:00,484.1,484.1,474.2,475.5,1592
2014.09.07,00:00,473.6,477.0,472.3,474.9,237
2014.09.08,00:00,474.9,476.0,457.1,468.4,4833
2014.09.09,00:00,469.0,470.0,456.0,462.6,3431
2014.09.10,00:00,462.6,480.0,462.0,470.5,3476
2014.09.11,00:00,470.5,475.7,464.0,469.5,2673
2014.09.12,00:00,469.5,470.0,461.5,466.2,2647
2014.09.14,00:00,466.6,466.9,464.5,466.5,351
2014.09.15,00:00,466.5,467.0,461.5,462.4,2918
2014.09.16,00:00,462.0,464.5,449.3,452.0,3896
2014.09.17,00:00,453.3,456.1,431.1,442.9,4309
2014.09.18,00:00,442.0,445.0,387.3,412.1,8576
2014.09.19,00:00,412.2,418.5,367.0,380.7,7611
2014.09.21,00:00,377.9,382.3,373.3,381.1,599
2014.09.22,00:00,381.1,394.9,377.0,383.9,3878
2014.09.23,00:00,383.2,443.0,378.0,422.3,5655
2014.09.24,00:00,422.5,426.4,403.8,407.6,4188
2014.09.25,00:00,406.9,408.2,392.1,398.5,3379
2014.09.26,00:00,398.9,409.2,385.0,392.0,2929
2014.09.28,00:00,371.2,371.9,361.6,366.3,849
2014.09.29,00:00,366.2,382.4,357.7,365.8,5228
2014.09.30,00:00,365.8,385.8,361.0,377.3,4056
2014.10.01,00:00,377.3,382.0,369.1,371.7,3105
2014.10.02,00:00,371.3,375.6,360.0,363.1,2690
2014.10.03,00:00,364.0,366.0,339.0,340.0,3218
2014.10.05,00:00,301.1,320.6,292.3,312.9,1336
2014.10.06,00:00,312.9,340.0,296.4,322.0,8403
2014.10.07,00:00,321.9,334.5,310.1,327.0,5798
2014.10.08,00:00,327.0,350.0,320.6,348.2,5152
2014.10.09,00:00,348.0,378.8,340.0,357.9,7239
2014.10.10,00:00,357.7,367.8,343.1,347.9,4879
2014.10.12,00:00,363.3,375.1,363.1,372.4,1212
2014.10.13,00:00,372.0,389.6,359.1,382.0,7297
2014.10.14,00:00,382.0,405.0,380.5,394.1,7106
2014.10.15,00:00,394.0,394.4,377.2,384.0,5031
2014.10.16,00:00,384.0,388.5,359.0,373.3,6094
2014.10.17,00:00,373.3,378.0,364.8,374.6,3296
2014.10.19,00:00,380.0,382.7,378.6,379.4,448
2014.10.20,00:00,379.4,382.0,369.2,373.9,3821
2014.10.21,00:00,373.9,382.5,370.4,378.0,3784
2014.10.22,00:00,379.0,380.0,371.9,374.1,3260
2014.10.23,00:00,373.9,376.0,348.0,351.2,5365
2014.10.24,00:00,351.2,357.0,346.1,349.3,4054
2014.10.26,00:00,347.6,349.3,346.2,346.7,556
2014.10.27,00:00,346.7,351.9,339.2,344.9,5258
2014.10.28,00:00,345.0,352.9,343.7,346.6,3309
2014.10.29,00:00,346.6,347.4,325.7,326.7,4338
2014.10.30,00:00,326.7,349.0,324.8,337.8,4887
2014.10.31,00:00,337.8,342.2,329.0,334.1,3774
2014.11.02,00:00,321.9,322.7,320.5,320.8,245
2014.11.03,00:00,320.8,332.0,317.2,318.6,5177
2014.11.04,00:00,317.6,325.1,315.0,322.1,4512
2014.11.05,00:00,322.1,336.0,321.6,331.9,4549
2014.11.06,00:00,331.9,345.4,329.1,341.0,4161
2014.11.07,00:00,341.0,347.0,334.0,336.2,4084
2014.11.09,00:00,353.1,360.4,351.4,359.1,575
2014.11.10,00:00,359.1,371.6,353.1,360.0,5558
2014.11.11,00:00,360.0,369.7,355.0,360.4,4379
2014.11.12,00:00,360.5,426.0,360.4,418.0,9497
2014.11.13,00:00,419.1,451.1,382.1,410.0,11883
2014.11.14,00:00,409.4,411.0,375.0,386.6,8061
2014.11.16,00:00,378.2,382.0,376.2,381.1,540
2014.11.17,00:00,381.0,402.9,370.0,378.8,6673
2014.11.18,00:00,379.3,385.6,364.4,366.0,5796
2014.11.19,00:00,366.4,383.3,365.5,373.0,4567
2014.11.20,00:00,373.0,374.9,349.6,352.4,4952
2014.11.21,00:00,351.8,353.5,336.6,345.0,5725
2014.11.23,00:00,362.3,365.7,358.6,360.9,722
2014.11.24,00:00,360.5,382.8,359.7,370.3,5508
2014.11.25,00:00,370.5,386.0,364.9,368.1,5474
2014.11.26,00:00,368.1,371.8,358.1,360.9,4072
2014.11.27,00:00,360.9,367.0,359.0,363.0,3817
2014.11.28,00:00,362.7,377.9,351.0,373.0,4098
2014.11.30,00:00,371.0,372.3,369.0,371.3,289
2014.12.01,00:00,371.3,379.4,370.0,374.0,4293
2014.12.02,00:00,373.5,378.9,369.1,374.5,3832
2014.12.03,00:00,374.5,375.8,364.5,366.5,4383
2014.12.04,00:00,366.5,371.0,359.0,359.6,3792
2014.12.05,00:00,360.1,367.5,357.4,366.4,2959
2014.12.07,00:00,364.9,366.2,364.5,364.5,120
2014.12.08,00:00,364.5,366.0,352.3,352.9,4100
2014.12.09,00:00,352.3,355.0,334.3,342.9,6046
2014.12.10,00:00,342.9,344.9,337.0,337.0,3799
2014.12.11,00:00,336.2,353.0,329.5,337.1,6301
2014.12.12,00:00,337.1,346.7,337.1,345.5,3672
2014.12.14,00:00,341.3,341.9,338.3,339.8,671
2014.12.15,00:00,339.9,341.0,332.1,334.9,5071
2014.12.16,00:00,334.9,335.6,316.5,317.3,5670
2014.12.17,00:00,317.4,326.0,309.8,315.3,5848
2014.12.18,00:00,316.1,319.1,301.1,308.3,7648
2014.12.19,00:00,311.0,314.5,301.6,309.5,4405
2014.12.21,00:00,313.1,316.0,311.9,314.0,530
2014.12.22,00:00,314.0,329.0,313.0,325.6,4927
2014.12.23,00:00,326.0,331.5,323.0,327.0,4691
2014.12.24,00:00,327.0,327.9,321.0,321.6,2723
2014.12.26,00:00,314.0,323.9,311.7,321.0,4296
2014.12.28,00:00,308.6,311.2,308.6,310.7,399
2014.12.29,00:00,310.7,314.0,307.0,307.5,4851
2014.12.30,00:00,308.3,310.8,304.4,305.7,4066
2014.12.31,00:00,305.5,312.0,304.4,310.6,3693
2015.01.01,00:00,309.7,309.7,308.0,309.3,112
2015.01.02,00:00,308.0,312.4,308.0,310.0,2483
2015.01.04,00:00,263.2,263.9,259.0,262.4,776
2015.01.05,00:00,262.2,276.5,261.8,268.9,7693
2015.01.06,00:00,268.5,283.0,267.0,281.1,6321
2015.01.07,00:00,281.1,297.8,278.2,290.5,5445
2015.01.08,00:00,290.5,290.9,279.1,279.1,6186
2015.01.09,00:00,279.5,288.5,274.1,284.5,4403
2015.01.11,00:00,260.4,263.2,257.9,260.0,791
2015.01.12,00:00,259.5,266.3,254.2,260.9,7225
2015.01.13,00:00,260.9,262.0,209.0,217.7,14253
2015.01.14,00:00,217.7,217.7,159.7,167.0,18456
2015.01.15,00:00,166.4,223.2,164.9,204.3,17535
2015.01.16,00:00,204.3,216.8,193.0,200.7,11436
2015.01.18,00:00,201.3,203.8,200.8,203.2,661
2015.01.19,00:00,203.1,212.2,202.0,207.9,8199
2015.01.20,00:00,207.9,208.5,200.3,205.2,6024
2015.01.21,00:00,205.2,222.0,204.9,220.2,6588
2015.01.22,00:00,220.3,230.9,219.2,225.7,8332
2015.01.23,00:00,225.7,227.7,218.0,226.6,4977
2015.01.25,00:00,244.0,248.0,243.0,247.0,928
2015.01.26,00:00,247.0,301.0,246.4,259.6,15142
2015.01.27,00:00,260.3,262.7,238.0,251.6,10092
2015.01.28,00:00,250.9,254.4,211.0,221.3,9649
2015.01.29,00:00,221.4,232.5,212.1,225.4,9529
2015.01.30,00:00,225.4,234.0,217.4,221.2,6619
2015.02.01,00:00,224.3,225.8,219.1,220.6,815
2015.02.02,00:00,220.5,237.3,217.2,232.3,7918
2015.02.03,00:00,231.7,239.4,219.6,222.5,9912
2015.02.04,00:00,222.5,226.5,216.8,223.1,6948
2015.02.05,00:00,223.1,224.0,210.4,213.8,5682
2015.02.06,00:00,213.4,222.0,212.2,220.0,5363
2015.02.08,00:00,219.5,220.4,219.0,219.6,312
2015.02.09,00:00,219.6,221.3,212.6,218.0,6602
2015.02.10,00:00,218.0,219.8,212.0,216.5,6077
2015.02.11,00:00,216.5,220.0,213.7,215.7,4547
2015.02.12,00:00,215.7,218.0,213.4,217.3,3542
2015.02.13,00:00,216.8,234.9,215.6,232.3,6540
2015.02.15,00:00,228.2,231.1,226.6,230.5,530
2015.02.16,00:00,230.5,236.2,223.3,229.3,7680
2015.02.17,00:00,229.3,242.0,228.9,238.0,6272
2015.02.18,00:00,238.0,240.7,227.0,232.2,5302
2015.02.19,00:00,232.0,238.0,230.1,234.3,4276
2015.02.20,00:00,234.2,240.5,230.7,235.0,5599
2015.02.22,00:00,228.2,229.4,226.6,229.2,377
2015.02.23,00:00,229.2,233.0,224.0,231.9,5170
2015.02.24,00:00,231.9,233.0,226.8,231.1,4264
2015.02.25,00:00,231.1,231.8,227.8,230.0,3212
2015.02.26,00:00,230.0,231.1,227.1,229.7,3304
2015.02.27,00:00,229.8,251.2,229.5,247.9,6811
2015.03.01,00:00,250.0,254.2,248.4,251.7,1027
2015.03.02,00:00,250.7,269.0,246.9,267.3,7017
2015.03.03,00:00,267.5,282.0,261.0,276.3,8067
2015.03.04,00:00,276.3,279.4,260.5,267.0,7167
2015.03.05,00:00,267.0,275.0,258.0,270.5,7054
2015.03.06,00:00,270.5,274.3,265.0,269.6,4729
2015.03.08,00:00,270.1,271.7,269.3,270.6,161
2015.03.09,00:00,270.5,288.9,269.7,284.5,6059
2015.03.10,00:00,284.6,298.0,284.0,286.8,7042
2015.03.11,00:00,286.4,293.6,284.1,293.1,5723
2015.03.12,00:00,292.8,293.8,289.0,289.5,3471
2015.03.13,00:00,290.0,290.4,284.0,284.8,3861
2015.03.15,00:00,280.2,280.8,278.1,279.7,272
2015.03.16,00:00,279.7,290.0,279.4,286.5,5147
2015.03.17,00:00,285.8,288.3,278.8,280.4,3767
2015.03.18,00:00,280.0,281.4,243.0,250.3,8034
2015.03.19,00:00,250.3,259.0,242.0,255.2,7810
2015.03.20,00:00,255.0,259.9,253.0,255.4,4229
2015.03.22,00:00,265.1,268.0,264.1,265.1,676
2015.03.23,00:00,265.1,268.7,256.1,262.3,4710
2015.03.24,00:00,262.3,264.1,242.3,244.6,6389
2015.03.25,00:00,244.7,248.5,234.4,245.1,6381
2015.03.26,00:00,244.9,251.9,240.0,243.0,5624
2015.03.27,00:00,243.3,247.0,241.9,245.0,3278
2015.03.29,00:00,236.5,239.4,235.0,239.1,870
2015.03.30,00:00,239.1,246.3,233.1,244.1,5315
2015.03.31,00:00,244.0,246.8,237.2,240.0,5151
2015.04.01,00:00,240.0,243.7,236.1,242.2,4803
2015.04.02,00:00,243.3,252.3,238.0,247.6,5171
2015.04.03,00:00,247.6,251.8,247.0,250.5,3548
2015.04.05,00:00,252.1,256.4,252.1,255.3,509
2015.04.06,00:00,255.3,257.5,247.0,249.0,4204
2015.04.07,00:00,249.0,250.3,242.5,247.7,5257
2015.04.08,00:00,247.7,249.5,240.0,241.5,4772
2015.04.09,00:00,241.5,243.4,235.0,240.6,4044
2015.04.10,00:00,240.6,241.0,228.0,230.6,4730
2015.04.12,00:00,231.4,232.6,230.7,231.6,355
2015.04.13,00:00,231.5,233.4,218.3,219.4,4498
2015.04.14,00:00,219.3,221.7,213.0,215.9,5459
2015.04.15,00:00,215.9,221.9,215.1,221.7,4472
2015.04.16,00:00,221.5,228.6,221.3,226.4,12861
2015.04.17,00:00,226.4,227.1,219.0,221.7,16610
2015.04.20,00:00,223.7,225.5,221.9,223.3,10624
2015.04.21,00:00,223.3,234.9,222.9,234.7,16983
2015.04.22,00:00,234.7,237.4,229.4,231.8,16751
2015.04.23,00:00,231.8,235.2,231.5,234.6,14765
2015.04.24,00:00,234.6,235.0,226.3,230.3,14127
2015.04.26,00:00,219.5,219.5,217.5,218.5,1595
2015.04.27,00:00,218.5,228.9,216.6,226.2,14131
2015.04.28,00:00,226.2,230.1,222.2,227.6,9448
2015.04.29,00:00,227.6,229.0,224.0,226.3,3866
2015.04.30,00:00,226.4,242.8,225.2,236.5,5212
2015.05.01,00:00,236.5,239.6,232.9,234.0,3416
2015.05.03,00:00,240.2,240.6,238.7,239.7,501
2015.05.04,00:00,239.8,242.0,236.2,237.0,3802
2015.05.05,00:00,237.1,237.9,231.7,235.9,3088
2015.05.06,00:00,237.0,237.0,229.1,230.7,4043
2015.05.07,00:00,230.6,238.9,229.5,235.9,4539
2015.05.08,00:00,235.9,244.0,235.0,243.1,3352
2015.05.10,00:00,238.8,240.1,238.8,239.2,457
2015.05.11,00:00,239.2,242.8,238.7,241.0,4334
2015.05.12,00:00,241.0,242.4,238.0,239.5,3237
2015.05.13,00:00,239.3,242.5,234.1,235.8,4615
2015.05.14,00:00,235.9,238.0,232.4,235.5,3505
2015.05.15,00:00,235.7,238.1,235.2,236.2,2639
2015.05.17,00:00,234.3,235.7,234.0,235.3,302
2015.05.18,00:00,235.3,236.4,230.6,231.7,2882
2015.05.19,00:00,231.6,233.8,230.8,231.8,3347
2015.05.20,00:00,231.3,234.8,230.5,233.4,3001
2015.05.21,00:00,233.4,236.2,232.3,234.0,3083
2015.05.22,00:00,234.0,241.5,234.0,240.1,3844
2015.05.24,00:00,241.1,241.8,241.0,241.0,355
2015.05.25,00:00,241.0,242.0,235.8,237.3,3784
2015.05.26,00:00,237.3,239.3,235.2,237.0,3804
2015.05.27,00:00,237.0,239.0,236.5,237.9,3293
2015.05.28,00:00,237.9,239.0,236.7,238.0,2354
2015.05.29,00:00,238.0,238.8,236.1,236.8,2446
2015.05.31,00:00,230.7,231.6,229.0,230.0,869
2015.06.01,00:00,230.0,231.6,221.0,222.7,5058
2015.06.02,00:00,222.7,227.9,222.7,225.9,4256
2015.06.03,00:00,225.9,228.1,225.0,226.5,3181
2015.06.04,00:00,226.5,227.5,223.5,224.9,2703
2015.06.05,00:00,224.9,227.0,223.1,225.1,2523
2015.06.07,00:00,224.9,225.0,224.1,224.2,182
2015.06.08,00:00,224.1,229.7,223.7,227.5,3126
2015.06.09,00:00,227.8,231.5,226.6,228.7,3597
2015.06.10,00:00,229.0,231.1,228.2,229.2,2572
2015.06.11,00:00,229.0,230.8,228.8,229.8,2398
2015.06.12,00:00,229.8,232.1,229.3,230.8,2038
2015.06.14,00:00,233.3,233.8,232.5,233.5,334
2015.06.15,00:00,233.3,238.5,233.3,236.0,3677
2015.06.16,00:00,236.0,252.4,235.1,249.0,7530
2015.06.17,00:00,249.0,255.3,243.9,247.4,9314
2015.06.18,00:00,247.4,251.0,243.0,247.0,5492
2015.06.19,00:00,247.0,249.0,241.2,242.2,5168
2015.06.21,00:00,241.3,243.8,240.0,243.3,491
2015.06.22,00:00,243.3,248.2,242.3,246.7,4271
2015.06.23,00:00,246.2,246.8,241.5,243.1,3622
2015.06.24,00:00,243.0,245.0,239.1,239.6,5078
2015.06.25,00:00,239.5,244.3,239.2,242.7,4364
2015.06.26,00:00,242.3,243.5,240.0,241.3,2173
2015.07.01,00:00,259.6,260.6,253.4,255.5,3920
2015.07.02,00:00,255.2,258.9,252.5,253.0,4841
2015.07.03,00:00,253.0,254.8,251.5,252.5,3599
2015.07.05,00:00,264.2,268.6,262.4,267.3,1356
2015.07.06,00:00,266.5,271.0,262.1,264.4,8865
2015.07.07,00:00,264.2,266.1,259.0,261.8,6675
2015.07.08,00:00,261.5,270.0,260.6,266.0,6812
2015.07.09,00:00,266.2,269.9,262.1,263.3,9028
2015.07.10,00:00,263.2,297.8,262.2,283.0,12813
2015.07.12,00:00,304.1,307.4,302.1,306.1,692
2015.07.13,00:00,306.2,306.2,269.0,285.6,10914
2015.07.14,00:00,285.8,292.0,281.0,282.1,5431
2015.07.15,00:00,282.2,288.0,276.1,278.0,5408
2015.07.16,00:00,278.0,285.8,270.0,274.3,8433
2015.07.17,00:00,274.3,278.3,268.1,273.0,6221
2015.07.19,00:00,267.9,267.9,263.2,265.2,758
2015.07.20,00:00,265.5,273.9,264.5,273.0,3485
2015.07.21,00:00,273.0,277.3,267.9,268.9,4567
2015.07.22,00:00,268.9,273.7,267.7,271.0,4217
2015.07.23,00:00,271.0,273.0,269.4,271.2,2637
2015.07.24,00:00,269.5,287.7,269.5,283.3,5252
2015.07.26,00:00,285.4,286.4,284.7,284.8,288
2015.07.27,00:00,285.1,287.3,279.5,284.8,4453
2015.07.28,00:00,284.8,289.0,283.6,286.7,3823
2015.07.29,00:00,286.7,287.5,281.1,282.2,3933
2015.07.30,00:00,282.2,285.0,280.4,281.2,3656
2015.07.31,00:00,281.2,283.1,275.9,279.4,4469
2015.08.02,00:00,278.3,278.9,277.1,278.0,322
2015.08.03,00:00,278.0,281.7,276.0,277.2,3270
2015.08.04,00:00,277.1,281.2,275.7,279.6,3268
2015.08.05,00:00,279.3,280.6,275.0,276.9,3071
2015.08.06,00:00,276.6,277.9,272.0,273.2,3507
2015.08.07,00:00,274.5,274.8,268.0,269.0,2918
2015.08.09,00:00,256.8,260.9,256.8,257.7,535
2015.08.10,00:00,257.8,262.4,255.7,257.3,3676
2015.08.11,00:00,257.5,267.9,256.2,267.9,3878
2015.08.12,00:00,267.9,268.3,258.5,258.6,5617
2015.08.13,00:00,258.6,261.4,256.5,258.1,4348
2015.08.14,00:00,258.0,264.0,257.0,262.0,4045
2015.08.16,00:00,254.0,255.5,252.9,254.4,327
2015.08.17,00:00,254.4,257.0,250.9,253.8,3835
2015.08.18,00:00,253.7,254.5,219.0,226.9,4558
2015.08.19,00:00,227.2,233.1,210.1,217.2,8262
2015.08.20,00:00,217.2,233.6,217.2,229.7,6964
2015.08.21,00:00,229.7,232.2,224.0,227.5,4604
2015.08.23,00:00,220.6,221.6,219.5,221.5,501
2015.08.24,00:00,221.6,223.0,199.0,200.9,9914
2015.08.25,00:00,201.0,221.9,191.0,218.1,13040
2015.08.26,00:00,218.1,226.3,216.8,221.7,9558
2015.08.27,00:00,221.4,224.2,216.0,218.2,6742
2015.08.28,00:00,218.3,230.0,215.1,227.1,6152
2015.08.30,00:00,223.3,223.8,222.6,223.6,453
2015.08.31,00:00,223.6,228.0,221.2,227.0,5062
2015.09.01,00:00,227.0,228.3,221.0,222.6,6637
2015.09.02,00:00,222.5,226.2,219.7,224.4,5893
2015.09.03,00:00,224.4,225.0,221.3,223.9,5027
2015.09.04,00:00,223.9,226.0,221.0,225.0,3241
2015.09.06,00:00,235.0,236.4,232.2,233.0,148
2015.09.07,00:00,233.0,241.5,233.0,236.7,6822
2015.09.08,00:00,236.7,244.8,236.1,241.0,6241
2015.09.09,00:00,240.5,242.4,232.0,235.0,6630
2015.09.10,00:00,234.9,238.0,229.3,236.0,5896
2015.09.11,00:00,236.0,238.0,234.6,236.3,3589
2015.09.13,00:00,226.3,227.9,225.1,227.6,766
2015.09.14,00:00,227.7,228.9,225.1,226.9,5056
2015.09.15,00:00,226.9,228.8,225.0,226.0,4329
2015.09.16,00:00,226.0,228.5,223.1,226.2,4207
2015.09.17,00:00,226.3,233.6,225.6,230.3,5147
2015.09.18,00:00,230.3,233.0,227.2,229.0,3766
2015.09.20,00:00,229.1,229.3,228.0,228.5,447
2015.09.21,00:00,228.6,229.0,223.1,223.8,5000
2015.09.22,00:00,223.7,229.5,223.0,227.2,5546
2015.09.23,00:00,227.2,229.3,225.1,227.7,5447
2015.09.24,00:00,227.7,233.2,227.7,231.4,4821
2015.09.25,00:00,231.4,235.0,229.3,231.5,4667
2015.09.27,00:00,230.3,231.0,229.8,230.6,730
2015.09.28,00:00,230.6,236.2,230.0,235.4,5722
2015.09.29,00:00,235.4,236.7,233.0,234.4,6815
2015.09.30,00:00,234.0,236.0,232.1,233.4,4819
2015.10.01,00:00,233.1,236.0,231.4,234.7,5589
2015.10.02,00:00,234.7,236.0,233.0,233.3,3509
2015.10.04,00:00,235.1,235.9,234.8,235.4,377
2015.10.05,00:00,235.4,238.4,233.9,237.0,4450
2015.10.06,00:00,237.0,244.0,236.1,243.0,6167
2015.10.07,00:00,243.0,243.9,238.5,239.7,5181
2015.10.08,00:00,239.7,242.7,239.0,239.1,5366
2015.10.09,00:00,239.1,241.5,238.2,240.5,3626
2015.10.11,00:00,242.5,244.0,241.9,243.5,1046
2015.10.12,00:00,243.4,243.9,240.3,241.3,5617
2015.10.13,00:00,241.3,247.0,239.2,244.7,6744
2015.10.14,00:00,244.7,251.8,244.5,249.3,7142
2015.10.15,00:00,249.3,255.0,248.4,252.6,6392
2015.10.16,00:00,252.6,263.6,251.3,257.9,7622
2015.10.18,00:00,257.5,258.0,256.0,257.6,577
2015.10.19,00:00,257.8,261.2,255.9,260.3,6379
2015.10.20,00:00,260.3,268.8,259.6,265.8,6695
2015.10.21,00:00,265.8,267.9,259.4,262.2,5608
2015.10.22,00:00,262.2,271.3,262.0,267.7,5130
2015.10.23,00:00,267.7,271.9,266.1,270.5,5009
2015.10.25,00:00,279.0,281.2,274.1,275.3,1613
2015.10.26,00:00,275.2,280.9,272.9,280.5,6945
2015.10.27,00:00,280.5,291.7,280.1,288.3,8468
2015.10.28,00:00,288.3,298.9,287.3,296.7,8609
2015.10.29,00:00,296.7,310.8,294.0,301.8,9843
2015.10.30,00:00,301.8,320.2,300.5,307.7,11459
2015.11.01,00:00,308.1,309.0,303.5,305.2,1233
2015.11.02,00:00,304.7,337.9,303.3,334.3,11592
2015.11.03,00:00,334.3,397.5,325.9,373.4,15398
2015.11.04,00:00,373.1,458.2,372.3,403.0,18025
2015.11.05,00:00,403.0,438.3,362.1,379.4,15515
2015.11.06,00:00,379.7,386.5,335.0,357.1,12548
2015.11.08,00:00,359.0,364.0,357.7,363.2,951
2015.11.09,00:00,363.2,374.9,353.1,371.1,8078
2015.11.10,00:00,371.2,374.0,327.0,336.7,9860
2015.11.11,00:00,336.7,342.2,294.3,307.9,10107
2015.11.12,00:00,309.0,338.7,308.9,333.1,11292
2015.11.13,00:00,333.1,336.8,323.0,329.3,6496
2015.11.15,00:00,314.7,316.1,311.0,313.9,793
2015.11.16,00:00,315.1,326.8,309.4,325.3,6031
2015.11.17,00:00,325.3,333.0,324.5,330.0,6354
2015.11.18,00:00,330.0,332.2,325.0,330.4,5078
2015.11.19,00:00,330.4,331.3,319.4,322.2,5842
2015.11.20,00:00,322.2,322.9,307.9,318.8,6320
2015.11.22,00:00,319.6,320.0,318.1,320.0,594
2015.11.23,00:00,320.0,321.0,317.1,318.7,4823
2015.11.24,00:00,318.7,319.0,314.0,316.9,4705
2015.11.25,00:00,316.9,327.7,314.3,325.7,6281
2015.11.26,00:00,325.8,365.5,325.7,341.0,10700
2015.11.27,00:00,341.0,357.9,338.5,351.3,8561
2015.11.29,00:00,362.9,369.6,362.7,367.6,951
2015.11.30,00:00,367.7,378.8,364.0,372.8,8669
2015.12.01,00:00,372.8,374.7,352.0,359.0,7425
2015.12.02,00:00,359.0,360.1,344.0,354.0,8119
2015.12.03,00:00,354.0,363.9,350.8,356.7,6896
2015.12.04,00:00,356.7,358.9,351.6,355.1,5151
2015.12.06,00:00,387.1,387.1,379.4,380.8,618
2015.12.07,00:00,380.4,389.7,378.2,386.4,7687
2015.12.08,00:00,386.4,413.9,382.8,412.5,8405
2015.12.09,00:00,412.3,421.0,399.0,410.6,9356
2015.12.10,00:00,410.3,416.1,404.8,411.8,6675
2015.12.11,00:00,411.8,444.0,411.0,439.2,8108
2015.12.13,00:00,430.9,431.1,425.1,426.6,589
2015.12.14,00:00,426.6,442.7,422.9,439.8,6925
2015.12.15,00:00,439.8,458.0,439.6,457.8,8836
2015.12.16,00:00,457.8,458.2,434.6,445.1,9525
2015.12.17,00:00,444.8,450.2,439.0,448.5,6608
2015.12.18,00:00,448.5,457.8,445.9,455.3,5986
2015.12.20,00:00,435.1,439.4,435.1,439.0,480
2015.12.21,00:00,439.0,439.7,424.3,435.5,7706
2015.12.22,00:00,435.5,442.0,431.6,434.7,7003
2015.12.23,00:00,434.7,442.6,433.3,439.4,5420
2015.12.24,00:00,439.4,455.3,439.4,448.7,4980
2015.12.27,00:00,420.9,423.0,419.0,420.8,756
2015.12.28,00:00,420.8,427.4,415.4,419.0,7225
2015.12.29,00:00,419.0,433.3,419.0,432.9,6848
2015.12.30,00:00,432.9,433.5,421.4,424.2,6188
2015.12.31,00:00,424.0,429.0,416.7,428.5,5957
2016.01.03,00:00,424.4,426.3,423.6,426.3,553
2016.01.04,00:00,426.3,431.8,424.5,430.8,5896
2016.01.05,00:00,430.8,433.2,428.5,428.9,4515
2016.01.06,00:00,428.9,429.7,425.0,428.2,4813
2016.01.07,00:00,428.2,451.1,427.8,451.0,5376
2016.01.08,00:00,452.3,454.0,442.0,447.4,3748
2016.01.10,00:00,442.4,444.9,442.0,444.5,625
2016.01.11,00:00,444.7,447.0,440.4,445.3,6875
2016.01.12,00:00,445.3,446.5,434.4,434.4,5286
2016.01.13,00:00,434.4,437.6,425.5,430.0,7147
2016.01.14,00:00,430.0,433.1,426.5,429.0,5456
2016.01.15,00:00,429.0,429.0,384.0,385.6,9191
2016.01.17,00:00,386.8,387.1,380.2,380.2,563
2016.01.18,00:00,380.2,387.0,373.8,384.2,6779
2016.01.19,00:00,384.2,386.8,378.0,379.0,6304
2016.01.20,00:00,379.0,424.5,374.4,418.9,9180
2016.01.21,00:00,418.7,422.0,401.9,410.2,8988
2016.01.22,00:00,409.9,410.4,379.0,383.5,6996
2016.01.24,00:00,399.2,401.0,396.8,400.2,514
2016.01.25,00:00,400.3,401.7,389.5,394.5,7311
2016.01.26,00:00,394.5,398.0,390.6,393.0,5805
2016.01.27,00:00,393.1,397.4,391.3,395.2,5958
2016.01.28,00:00,395.2,395.6,379.7,381.0,5177
2016.01.29,00:00,381.0,384.0,365.5,377.8,7169
2016.01.31,00:00,380.0,381.0,369.0,371.3,740
2016.02.01,00:00,371.3,379.8,370.0,376.7,6799
2016.02.02,00:00,376.5,380.2,374.0,377.5,5390
2016.02.03,00:00,377.3,378.5,364.2,368.0,6237
2016.02.04,00:00,368.0,390.7,367.0,389.0,7012
2016.02.05,00:00,389.0,391.5,384.9,385.4,5899
2016.02.07,00:00,377.0,377.3,375.2,376.1,331
2016.02.08,00:00,376.5,381.0,373.1,373.8,4445
2016.02.09,00:00,373.8,378.9,373.4,377.9,4861
2016.02.10,00:00,377.9,388.2,376.0,382.4,5723
2016.02.11,00:00,382.5,386.0,379.1,383.0,5653
2016.02.12,00:00,383.0,390.0,381.3,385.5,5531
2016.02.14,00:00,402.0,406.5,402.0,406.4,422
2016.02.15,00:00,406.4,408.9,396.0,399.6,6567
2016.02.16,00:00,399.5,408.5,398.0,405.1,6735
2016.02.17,00:00,405.1,420.3,404.0,414.6,6474
2016.02.18,00:00,414.5,424.0,412.5,418.4,5818
2016.02.19,00:00,418.4,420.2,413.8,417.4,4888
2016.02.21,00:00,434.4,434.8,432.6,433.0,320
2016.02.22,00:00,432.6,437.8,426.4,435.0,6838
2016.02.23,00:00,435.0,437.0,412.6,419.9,7110
2016.02.24,00:00,419.9,424.1,412.4,420.0,5643
2016.02.25,00:00,420.0,426.2,417.6,421.0,5438
2016.02.26,00:00,421.0,426.0,418.2,424.3,5137
2016.02.28,00:00,430.5,431.0,428.7,429.1,330
2016.02.29,00:00,429.1,436.9,427.9,432.7,5811
2016.03.01,00:00,432.8,436.5,429.0,434.2,6097
2016.03.02,00:00,434.2,435.1,422.7,423.1,5580
2016.03.03,00:00,422.7,425.7,417.5,419.0,6213
2016.03.04,00:00,419.3,424.8,409.0,410.6,5450
2016.03.06,00:00,409.6,409.6,405.6,407.0,373
2016.03.07,00:00,407.0,416.2,403.5,411.3,5865
2016.03.08,00:00,411.4,415.0,407.0,409.8,4749
2016.03.09,00:00,409.7,416.4,408.0,411.7,5582
2016.03.10,00:00,411.7,415.1,408.8,415.0,5223
2016.03.11,00:00,415.0,421.0,414.2,416.5,4855
2016.03.13,00:00,413.3,414.0,410.8,413.4,305
2016.03.14,00:00,413.4,415.5,408.8,413.5,4470
2016.03.15,00:00,413.5,415.4,409.9,414.1,5140
2016.03.16,00:00,413.9,415.7,411.8,414.1,4733
2016.03.17,00:00,414.3,417.0,413.3,416.4,4978
2016.03.18,00:00,416.4,416.8,403.0,404.1,5422
2016.03.20,00:00,411.6,412.2,410.0,410.8,307
2016.03.21,00:00,410.8,411.7,408.5,410.0,6394
2016.03.22,00:00,410.0,415.0,409.0,413.9,6766
2016.03.23,00:00,414.1,416.8,411.6,415.0,5979
2016.03.24,00:00,415.0,416.2,411.4,413.2,4892
2016.03.25,00:00,413.2,415.8,411.5,412.7,4228
2016.03.27,00:00,421.2,422.6,419.0,419.0,1202
2016.03.28,00:00,419.3,422.2,416.4,419.0,6317
2016.03.29,00:00,418.6,421.4,407.0,414.0,6409
2016.03.30,00:00,414.0,414.0,408.1,410.6,4681
2016.03.31,00:00,410.9,415.5,409.0,412.0,6292
2016.04.01,00:00,412.0,414.0,409.0,412.3,4658
2016.04.03,00:00,414.7,415.6,414.0,414.3,389
2016.04.04,00:00,414.3,416.4,410.9,414.7,5847
2016.04.05,00:00,414.7,420.0,414.5,417.8,5446
2016.04.06,00:00,417.8,419.0,415.0,416.6,5133
2016.04.07,00:00,416.5,417.7,414.0,416.1,4243
2016.04.08,00:00,416.1,417.8,413.5,415.1,5236
2016.04.10,00:00,416.0,416.5,414.1,415.3,689
2016.04.11,00:00,415.3,417.4,413.0,416.6,3747
2016.04.12,00:00,416.3,420.7,415.9,418.2,5413
2016.04.13,00:00,418.2,420.7,416.3,417.4,5395
2016.04.14,00:00,417.4,420.2,417.1,419.2,3207
2016.04.15,00:00,419.0,426.0,418.9,425.3,3559
2016.04.17,00:00,421.7,423.0,421.0,421.0,362
2016.04.18,00:00,421.0,425.5,418.9,424.2,3827
2016.04.19,00:00,424.2,429.0,422.3,427.3,3664
2016.04.20,00:00,427.3,436.9,426.5,434.6,4246
2016.04.21,00:00,434.8,443.0,433.0,441.0,4234
2016.04.22,00:00,441.2,443.3,435.0,435.0,3404
2016.04.24,00:00,446.3,447.8,444.0,444.9,300
2016.04.25,00:00,444.9,457.3,444.9,451.6,4683
2016.04.26,00:00,451.5,461.2,451.5,459.0,5008
2016.04.27,00:00,458.8,460.7,442.0,442.9,5263
2016.04.28,00:00,442.7,445.9,434.9,441.2,4568
2016.04.29,00:00,441.0,450.1,440.3,449.0,3821
2016.05.01,00:00,448.0,449.2,447.1,447.4,903
2016.05.02,00:00,447.2,449.1,439.0,440.9,4395
2016.05.03,00:00,441.6,447.0,438.8,444.7,4101
2016.05.04,00:00,444.7,447.7,440.0,441.0,3582
2016.05.05,00:00,441.0,444.5,440.0,442.3,4075
2016.05.06,00:00,442.3,452.7,441.5,452.7,3221
2016.05.08,00:00,451.0,451.3,449.9,451.1,256
2016.05.09,00:00,451.0,457.0,449.0,452.7,4157
2016.05.10,00:00,452.5,456.3,445.3,446.9,3974
2016.05.11,00:00,446.5,452.3,446.4,450.0,3430
2016.05.12,00:00,449.9,452.0,447.0,450.0,4083
2016.05.13,00:00,450.0,454.0,448.9,451.2,3317
2016.05.15,00:00,455.0,458.0,453.3,454.6,406
2016.05.16,00:00,454.0,456.5,450.1,451.7,4449
2016.05.17,00:00,451.7,453.9,450.0,451.0,4122
2016.05.18,00:00,451.0,455.6,450.3,452.5,3578
2016.05.19,00:00,452.5,454.0,433.9,436.0,3983
2016.05.20,00:00,436.0,444.3,434.8,438.0,4094
2016.05.22,00:00,437.9,439.4,436.9,436.9,361
2016.05.23,00:00,436.9,444.7,436.9,443.7,3548
2016.05.24,00:00,443.6,448.0,442.1,444.7,3178
2016.05.25,00:00,444.7,449.8,444.7,449.0,3350
2016.05.26,00:00,449.0,451.9,446.0,449.2,4044
2016.05.27,00:00,449.2,472.3,449.0,467.2,6009
2016.05.29,00:00,519.0,519.8,502.3,507.5,944
2016.05.30,00:00,507.6,534.4,506.6,524.2,5704
2016.05.31,00:00,524.2,537.0,507.1,511.9,6088
2016.06.01,00:00,511.9,526.7,510.1,522.0,5162
2016.06.02,00:00,522.0,527.9,520.0,524.4,4388
2016.06.03,00:00,525.0,553.9,524.0,553.4,4631
2016.06.05,00:00,562.9,563.6,557.0,561.1,498
2016.06.06,00:00,560.9,577.9,559.2,574.8,5725
2016.06.07,00:00,574.8,582.8,551.0,562.6,5838
2016.06.08,00:00,561.7,571.3,560.0,567.8,4500
2016.06.09,00:00,568.0,568.1,558.0,561.7,4288
2016.06.10,00:00,561.7,567.2,560.1,565.8,3602
2016.06.12,00:00,630.6,645.0,624.0,628.5,1140
2016.06.13,00:00,629.1,689.0,610.9,679.8,7322
2016.06.14,00:00,679.8,685.0,637.0,671.6,7081
2016.06.15,00:00,671.6,677.2,649.0,667.1,6073
2016.06.16,00:00,667.2,739.0,661.0,727.2,8108
2016.06.17,00:00,727.2,734.0,679.0,725.2,7922
2016.06.19,00:00,725.5,733.5,725.5,728.8,442
2016.06.20,00:00,728.6,731.0,698.0,701.4,5802
2016.06.21,00:00,701.5,702.0,607.0,635.6,10082
2016.06.22,00:00,635.6,665.4,537.0,543.5,12448
2016.06.23,00:00,541.3,605.0,521.4,595.9,12369
2016.06.24,00:00,597.9,667.9,595.8,628.9,8168
2016.06.26,00:00,610.0,612.6,604.0,606.3,752
2016.06.27,00:00,606.3,634.0,599.0,634.0,7238
2016.06.28,00:00,634.0,639.0,621.9,622.0,6162
2016.06.29,00:00,621.7,628.8,603.9,621.9,5201
2016.06.30,00:00,621.9,661.8,617.0,661.3,6077
2016.07.01,00:00,661.3,673.0,647.2,659.4,6233
2016.07.03,00:00,647.9,654.1,647.3,648.6,1048
2016.07.04,00:00,648.5,664.7,640.1,660.2,6818
2016.07.05,00:00,660.2,663.0,644.0,649.5,6039
2016.07.06,00:00,650.5,661.4,649.5,654.8,4234
2016.07.07,00:00,654.8,659.0,588.6,622.3,8107
2016.07.08,00:00,622.3,641.2,620.1,638.0,5064
2016.07.10,00:00,629.5,634.5,629.1,632.4,1204
2016.07.11,00:00,632.4,643.0,630.0,635.6,5544
2016.07.12,00:00,635.6,658.0,634.0,649.0,5296
2016.07.13,00:00,649.0,658.0,644.0,644.0,5126
2016.07.14,00:00,644.0,651.0,642.0,643.6,4772
2016.07.15,00:00,643.4,654.0,643.2,652.2,4683
2016.07.17,00:00,664.1,666.0,661.0,664.8,699
2016.07.18,00:00,664.8,667.5,654.0,655.4,4478
2016.07.19,00:00,655.4,662.7,654.0,660.2,4902
2016.07.20,00:00,660.2,662.0,651.4,654.6,4093
2016.07.21,00:00,652.2,660.0,649.5,658.8,4275
2016.07.22,00:00,658.8,659.0,645.0,649.6,3851
2016.07.24,00:00,651.2,654.2,650.5,652.4,536
2016.07.25,00:00,652.4,655.2,644.0,647.0,3844
2016.07.26,00:00,647.0,652.0,640.0,645.5,4876
2016.07.27,00:00,645.5,651.0,642.0,645.7,5023
2016.07.28,00:00,645.7,649.5,641.2,645.6,5347
2016.07.29,00:00,645.6,649.0,644.4,646.0,3517
2016.07.31,00:00,626.3,627.2,619.0,619.3,718
2016.08.01,00:00,619.3,623.0,600.0,606.3,5260
2016.08.02,00:00,605.9,611.9,459.3,544.5,7775
2016.08.03,00:00,544.3,571.0,524.0,564.0,8556
2016.08.04,00:00,564.0,577.5,562.5,574.9,6842
2016.08.05,00:00,575.1,575.8,566.5,570.9,4066
2016.08.07,00:00,587.4,589.5,585.6,588.8,716
2016.08.08,00:00,588.8,588.9,582.4,583.9,5341
2016.08.09,00:00,584.3,584.3,577.2,581.6,6239
2016.08.10,00:00,581.6,594.4,577.8,585.2,7778
2016.08.11,00:00,585.2,592.5,582.0,582.0,6739
2016.08.12,00:00,582.0,585.0,578.1,582.7,6160
2016.08.14,00:00,563.6,565.6,561.8,564.7,887
2016.08.15,00:00,564.7,570.0,557.1,564.0,7169
2016.08.16,00:00,564.0,580.5,560.4,574.9,7629
2016.08.17,00:00,575.3,577.3,565.5,567.5,6599
2016.08.18,00:00,567.5,576.2,566.3,570.8,6385
2016.08.19,00:00,570.8,573.9,565.1,572.2,5942
2016.08.21,00:00,579.0,579.1,577.2,577.9,773
2016.08.22,00:00,577.9,593.4,575.0,583.8,8899
2016.08.23,00:00,583.8,590.7,577.5,582.3,11350
2016.08.24,00:00,582.3,582.8,575.4,578.0,11916
2016.08.25,00:00,577.9,578.2,569.5,574.7,10928
2016.08.26,00:00,574.7,579.7,572.6,575.0,7445
2016.08.28,00:00,570.4,572.1,570.1,571.9,610
2016.08.29,00:00,571.9,577.6,570.1,573.0,7236
2016.08.30,00:00,572.6,579.7,572.6,577.3,6926
2016.08.31,00:00,577.3,579.1,573.8,577.7,4974
2016.09.01,00:00,577.4,579.2,570.6,572.5,5625
2016.09.02,00:00,572.5,576.6,569.1,576.0,5732
2016.09.04,00:00,602.4,607.1,602.4,607.1,421
2016.09.05,00:00,607.1,607.8,596.8,602.0,3570
2016.09.06,00:00,602.0,608.8,601.0,605.6,3389
2016.09.07,00:00,605.6,610.3,602.4,608.0,2973
2016.09.08,00:00,608.0,625.8,605.4,620.0,3401
2016.09.09,00:00,620.0,623.3,615.9,618.9,2796
2016.09.11,00:00,596.4,605.0,594.6,604.0,639
2016.09.12,00:00,604.0,609.3,602.6,605.3,3302
2016.09.13,00:00,605.3,612.4,600.8,604.8,2205
2016.09.14,00:00,604.8,611.0,602.2,607.0,2662
2016.09.15,00:00,607.0,609.9,605.0,606.1,3394
2016.09.16,00:00,606.1,609.5,605.5,607.0,4896
2016.09.18,00:00,607.8,609.7,607.7,609.0,406
2016.09.19,00:00,609.0,613.0,607.3,609.1,5242
2016.09.20,00:00,609.1,611.3,606.0,606.5,5088
2016.09.21,00:00,606.5,606.5,594.0,596.0,5741
2016.09.22,00:00,596.0,600.9,585.1,592.4,5194
2016.09.23,00:00,592.4,604.3,591.4,602.1,3906
2016.09.25,00:00,601.6,602.6,600.3,600.7,564
2016.09.26,00:00,600.7,608.8,600.3,607.1,4617
2016.09.27,00:00,607.1,609.9,601.7,606.5,5065
2016.09.28,00:00,606.5,607.1,601.0,603.1,3578
2016.09.29,00:00,603.1,605.5,599.5,602.5,5078
2016.09.30,00:00,602.5,604.0,597.4,602.0,3941
2016.10.02,00:00,608.3,610.2,607.0,607.2,739
2016.10.03,00:00,607.3,609.7,604.0,607.1,4504
2016.10.04,00:00,607.1,610.0,604.0,607.2,3666
2016.10.05,00:00,606.8,610.6,605.5,606.9,3338
2016.10.06,00:00,606.9,610.5,605.2,607.8,3677
2016.10.07,00:00,608.0,615.4,607.8,613.0,3131
2016.10.09,00:00,613.9,614.5,610.1,612.4,560
2016.10.10,00:00,614.1,619.0,609.6,615.6,4811
2016.10.11,00:00,615.0,641.0,614.8,636.0,5292
2016.10.12,00:00,636.0,640.1,629.0,633.9,4073
2016.10.13,00:00,633.7,636.5,630.3,633.8,3841
2016.10.14,00:00,633.8,637.0,631.5,633.1,3582
2016.10.16,00:00,637.3,638.2,633.5,634.2,682
2016.10.17,00:00,634.2,639.0,633.5,634.1,4066
2016.10.18,00:00,634.2,637.0,631.5,631.7,3998
2016.10.19,00:00,631.7,634.0,621.5,627.0,4312
2016.10.20,00:00,627.0,630.8,625.0,626.8,4163
2016.10.21,00:00,626.8,633.3,625.5,629.9,3985
2016.10.23,00:00,650.6,653.3,650.0,651.0,497
2016.10.24,00:00,652.0,653.5,647.0,649.2,4283
2016.10.25,00:00,649.2,665.0,649.0,657.5,3971
2016.10.26,00:00,657.1,677.0,653.4,673.0,5599
2016.10.27,00:00,673.0,685.9,671.0,679.2,5115
2016.10.28,00:00,679.2,682.9,675.0,678.3,3148
2016.10.30,00:00,692.0,694.4,685.4,689.2,857
2016.10.31,00:00,689.0,698.0,677.0,689.2,5443
2016.11.01,00:00,689.0,724.0,688.1,714.2,6217
2016.11.02,00:00,714.2,727.9,709.1,726.0,5385
2016.11.03,00:00,726.8,729.0,674.4,684.2,8046
2016.11.04,00:00,684.2,703.0,677.8,689.6,7503
2016.11.06,00:00,699.0,701.9,697.7,697.9,407
2016.11.07,00:00,697.9,701.0,689.0,692.0,4890
2016.11.08,00:00,692.0,705.8,690.1,695.0,4390
2016.11.09,00:00,695.0,728.0,694.7,708.5,5160
2016.11.10,00:00,708.5,711.3,699.0,708.2,4329
2016.11.11,00:00,707.0,713.0,705.0,706.0,3274
2016.11.13,00:00,695.9,697.1,694.3,695.5,496
2016.11.14,00:00,695.4,702.1,691.9,696.5,4881
2016.11.15,00:00,696.6,709.0,695.8,701.4,4832
2016.11.16,00:00,701.4,731.5,699.6,725.4,6117
2016.11.17,00:00,726.6,737.0,720.4,727.0,5046
2016.11.18,00:00,727.0,740.0,723.5,735.0,3978
2016.11.20,00:00,725.0,728.6,721.7,727.3,557
2016.11.21,00:00,727.4,738.9,724.2,734.5,5997
2016.11.22,00:00,734.4,744.0,731.7,741.3,4265
2016.11.23,00:00,741.3,743.5,734.1,739.8,5572
2016.11.24,00:00,739.8,742.6,734.1,735.0,6183
2016.11.25,00:00,735.0,738.1,731.0,736.6,4461
2016.11.27,00:00,728.5,731.5,725.1,728.1,531
2016.11.28,00:00,728.1,734.1,725.2,732.5,5989
2016.11.29,00:00,732.5,734.9,726.8,731.0,5877
2016.11.30,00:00,730.8,737.5,728.6,733.5,4969
2016.12.01,00:00,733.0,743.9,733.0,740.1,4661
2016.12.02,00:00,740.1,771.8,740.1,764.3,5428
2016.12.04,00:00,760.5,765.0,758.2,763.0,307
2016.12.05,00:00,763.0,766.6,742.0,749.0,8076
2016.12.06,00:00,749.4,756.0,745.3,752.0,6715
2016.12.07,00:00,752.0,761.8,748.5,757.7,6028
2016.12.08,00:00,757.7,768.0,754.0,760.0,4996
2016.12.09,00:00,760.0,764.5,756.7,759.1,4272
2016.12.11,00:00,758.3,761.0,757.3,759.5,326
2016.12.12,00:00,759.6,774.0,759.5,766.4,5744
2016.12.13,00:00,766.4,775.7,761.0,765.5,4315
2016.12.14,00:00,765.5,770.3,763.0,769.0,5391
2016.12.15,00:00,768.6,773.0,767.1,770.0,5340
2016.12.16,00:00,770.0,774.0,769.0,770.2,5088
2016.12.18,00:00,777.6,778.5,776.5,778.5,410
2016.12.19,00:00,778.3,782.6,774.4,778.0,4749
2016.12.20,00:00,778.0,788.4,776.2,785.6,4140
2016.12.21,00:00,785.5,824.7,783.6,820.6,5639
2016.12.22,00:00,820.6,855.0,816.7,841.4,6169
2016.12.23,00:00,845.4,889.1,841.8,881.5,6298
2016.12.25,00:00,865.0,869.2,865.0,866.3,381
2016.12.26,00:00,866.3,891.0,865.0,870.2,5124
2016.12.27,00:00,870.2,914.2,870.0,901.7,5764
2016.12.28,00:00,901.7,944.7,901.6,941.3,6666
2016.12.29,00:00,937.9,943.8,924.0,937.0,5840
2016.12.30,00:00,937.0,938.0,905.9,925.9,5593
2017.01.01,00:00,964.0,964.0,956.3,958.5,413
2017.01.02,00:00,958.9,996.5,954.0,983.9,6386
2017.01.03,00:00,983.9,994.0,972.0,993.0,4990
2017.01.04,00:00,993.0,1095.4,990.1,1083.4,7490
2017.01.05,00:00,1079.0,1089.0,869.0,966.7,10075
2017.01.06,00:00,966.5,982.0,823.1,857.2,9137
2017.01.08,00:00,867.6,871.0,858.0,867.7,482
2017.01.09,00:00,867.7,871.0,839.0,865.8,6557
2017.01.10,00:00,865.8,877.8,856.5,870.5,6171
2017.01.11,00:00,870.5,883.8,751.0,773.1,6732
2017.01.12,00:00,772.0,816.2,749.0,795.6,9152
2017.01.13,00:00,795.6,821.0,762.2,809.8,7717
2017.01.15,00:00,808.8,808.9,803.8,808.0,470
2017.01.16,00:00,807.8,820.9,806.0,815.2,5606
2017.01.17,00:00,815.2,895.0,813.5,887.0,8669
2017.01.18,00:00,887.1,896.0,844.5,874.0,8673
2017.01.19,00:00,874.0,888.0,864.0,877.8,8517
2017.01.20,00:00,877.4,888.0,870.1,885.0,6956
2017.01.22,00:00,906.4,910.2,904.0,910.0,731
2017.01.23,00:00,909.8,914.0,899.0,904.1,7328
2017.01.24,00:00,903.0,913.0,887.0,887.3,8902
2017.01.25,00:00,887.3,898.5,874.0,882.6,7124
2017.01.26,00:00,883.0,907.0,882.5,899.0,8007
2017.01.27,00:00,899.0,909.0,898.6,906.3,5731
2017.01.29,00:00,905.0,907.7,904.9,904.9,493
2017.01.30,00:00,904.9,914.0,902.0,909.1,5395
2017.01.31,00:00,909.1,950.1,909.0,945.3,6827
2017.02.01,00:00,945.2,970.2,945.2,968.0,7080
2017.02.02,00:00,967.8,993.4,958.2,985.2,6304
2017.02.03,00:00,984.5,998.9,969.9,993.0,6706
2017.02.05,00:00,990.5,992.7,984.0,989.5,590
2017.02.06,00:00,989.5,1009.0,989.5,1003.0,4369
2017.02.07,00:00,1004.0,1038.2,1002.0,1027.9,5195
2017.02.08,00:00,1027.9,1049.2,1010.0,1028.0,5884
2017.02.09,00:00,1028.0,1049.0,913.0,957.0,9195
2017.02.10,00:00,957.0,995.9,934.0,989.0,7032
2017.02.12,00:00,983.5,988.0,982.5,983.8,636
2017.02.13,00:00,983.8,992.3,962.0,981.2,6489
2017.02.14,00:00,981.2,997.0,977.8,991.9,6546
2017.02.15,00:00,995.0,997.0,988.3,994.4,6177
2017.02.16,00:00,994.4,1030.0,994.0,1018.0,5958
2017.02.17,00:00,1018.0,1039.0,1014.5,1034.0,5713
2017.02.19,00:00,1032.2,1034.9,1029.3,1032.6,411
2017.02.20,00:00,1032.0,1059.0,1024.5,1054.9,4718
2017.02.21,00:00,1054.8,1094.1,1054.2,1089.1,5139
2017.02.22,00:00,1089.1,1099.0,1071.1,1089.0,5451
2017.02.23,00:00,1088.6,1148.8,1086.9,1136.9,6116
2017.02.24,00:00,1140.0,1184.6,1099.0,1143.5,7814
2017.02.26,00:00,1137.5,1145.9,1137.5,1140.7,484
2017.02.27,00:00,1140.7,1183.5,1140.7,1170.5,3588
2017.02.28,00:00,1170.5,1187.5,1169.0,1174.5,3378
2017.03.01,00:00,1174.5,1202.3,1169.1,1195.0,5315
2017.03.02,00:00,1196.0,1259.9,1193.5,1225.5,8815
2017.03.03,00:00,1225.5,1268.2,1222.5,1250.6,6948
2017.03.05,00:00,1247.0,1255.4,1246.5,1250.1,526
2017.03.06,00:00,1254.1,1257.0,1247.8,1254.0,5548
2017.03.07,00:00,1253.9,1256.5,1163.8,1221.9,7146
2017.03.08,00:00,1221.9,1227.8,1118.8,1128.0,9094
2017.03.09,00:00,1127.8,1187.8,1118.3,1177.8,7882
2017.03.10,00:00,1177.8,1266.5,1037.8,1117.8,8619
2017.03.12,00:00,1207.6,1208.5,1204.1,1204.1,442
2017.03.13,00:00,1204.0,1236.6,1199.1,1222.8,8259
2017.03.14,00:00,1222.8,1236.8,1207.3,1228.5,6899
2017.03.15,00:00,1228.3,1237.8,1221.2,1231.7,7133
2017.03.16,00:00,1231.9,1237.7,1137.8,1168.0,11199
2017.03.17,00:00,1168.0,1176.5,1106.8,1119.8,10478
2017.03.19,00:00,1049.6,1049.7,1027.1,1030.7,908
2017.03.20,00:00,1030.7,1073.2,1027.8,1065.1,7036
2017.03.21,00:00,1065.1,1144.8,1060.9,1143.4,7608
2017.03.22,00:00,1143.2,1143.7,1032.9,1068.8,8060
2017.03.23,00:00,1069.5,1081.9,1047.8,1051.3,6334
2017.03.24,00:00,1051.3,1051.8,977.8,981.5,7251
2017.03.26,00:00,961.3,977.6,961.3,970.5,495
2017.03.27,00:00,970.5,1056.7,970.5,1046.9,8223
2017.03.28,00:00,1046.5,1069.6,1012.5,1040.5,6818
2017.03.29,00:00,1041.1,1054.2,1006.8,1041.4,6861
2017.03.30,00:00,1042.6,1050.2,1041.5,1042.8,259
2017.03.31,00:00,1026.8,1078.0,1021.0,1063.3,8708
2017.04.03,00:00,1088.4,1144.0,1073.1,1143.8,10519
2017.04.04,00:00,1143.2,1160.1,1116.8,1134.3,10750
2017.04.05,00:00,1134.2,1141.9,1108.6,1125.9,9746
2017.04.06,00:00,1126.1,1190.2,1119.5,1190.2,9456
2017.04.07,00:00,1190.4,1198.9,1173.4,1191.8,9320
2017.04.10,00:00,1208.6,1215.9,1192.3,1199.5,6021
2017.04.11,00:00,1199.4,1225.5,1196.3,1216.3,7403
2017.04.12,00:00,1216.4,1223.4,1205.5,1211.6,8503
2017.04.13,00:00,1211.7,1217.0,1138.0,1165.7,14232
2017.04.14,00:00,1164.2,1190.1,1139.9,1163.1,10680
2017.04.17,00:00,1167.6,1189.3,1158.0,1184.8,4635
2017.04.18,00:00,1183.7,1207.2,1171.9,1194.7,8153
2017.04.19,00:00,1194.8,1207.5,1187.6,1199.7,7610
2017.04.20,00:00,1199.8,1240.3,1187.9,1235.1,6338
2017.04.21,00:00,1235.2,1249.3,1225.7,1238.8,6896
2017.04.24,00:00,1237.0,1250.8,1231.5,1248.9,6096
2017.04.25,00:00,1248.6,1277.0,1248.2,1271.4,6809
2017.04.26,00:00,1271.5,1312.4,1266.1,1286.5,9540
2017.04.27,00:00,1286.4,1338.9,1281.5,1338.0,5946
2017.04.28,00:00,1338.1,1344.5,1295.9,1302.4,7250
2017.05.01,00:00,1339.7,1422.0,1338.4,1414.1,6087
2017.05.02,00:00,1413.0,1477.0,1385.2,1425.2,9781
2017.05.03,00:00,1425.6,1505.8,1425.6,1505.3,9085
2017.05.04,00:00,1508.5,1620.0,1480.0,1486.0,9713
2017.05.05,00:00,1455.2,1606.3,1442.0,1516.1,10805
2017.05.08,00:00,1525.4,1626.5,1522.3,1623.9,10705
2017.05.09,00:00,1622.2,1757.4,1612.0,1699.4,11096
2017.05.10,00:00,1696.1,1791.0,1665.5,1762.9,7529
